:020000040800F2
:1000000000900020A1220008652000086D20000853
:1000100000000000000000000000000000000000E0
:100020000000000000000000000000007520000833
:1000300000000000000000007F2000088920000868
:10004000F1220008F1220008F1220008F122000844
:10005000F1220008F1220008F1220008F122000834
:10006000F122000899200008F1220008F12200087E
:1000700049210008F1220008F1220008F1220008BD
:1000800061210008A1210008F1220008F1220008E6
:10009000F1220008F9210008F1220008F1220008ED
:1000A000F1220008F1220008F1220008F1220008E4
:0C00B00011220008F1220008F1220008D3
:1000BC0010B5064C2378002B07D1054B002B02D032
:1000CC00044800E000BF0123237010BD4001002054
:1000DC00000000002CA50008044B10B5002B03D029
:1000EC000349044800E000BF10BDC04600000000FA
:1000FC00440100202CA500080023C25C0133002A17
:10010C00FBD1581E7047000003B4714649084000EB
:10011C004900095E49008E4403BC70470022430825
:10012C008B4274D303098B425FD3030A8B4244D3B3
:10013C00030B8B4228D3030C8B420DD3FF220902F5
:10014C0012BA030C8B4202D31212090265D0030BB4
:10015C008B4219D300E0090AC30B8B4201D3CB03AA
:10016C00C01A5241830B8B4201D38B03C01A5241EC
:10017C00430B8B4201D34B03C01A5241030B8B42EE
:10018C0001D30B03C01A5241C30A8B4201D3CB02D9
:10019C00C01A5241830A8B4201D38B02C01A5241BE
:1001AC00430A8B4201D34B02C01A5241030A8B42C1
:1001BC0001D30B02C01A5241CDD2C3098B4201D3D9
:1001CC00CB01C01A524183098B4201D38B01C01A57
:1001DC00524143098B4201D34B01C01A52410309CE
:1001EC008B4201D30B01C01A5241C3088B4201D37D
:1001FC00CB00C01A524183088B4201D38B00C01A2A
:10020C00524143088B4201D34B00C01A5241411A50
:10021C0000D20146524110467047FFE701B500205D
:10022C0000F0F0F802BDC0460029F7D076E7704721
:10023C0003460B437FD4002243088B4274D303093B
:10024C008B425FD3030A8B4244D3030B8B4228D3DC
:10025C00030C8B420DD3FF22090212BA030C8B4202
:10026C0002D31212090265D0030B8B4219D300E0A2
:10027C00090AC30B8B4201D3CB03C01A5241830B27
:10028C008B4201D38B03C01A5241430B8B4201D3D7
:10029C004B03C01A5241030B8B4201D30B03C01A00
:1002AC005241C30A8B4201D3CB02C01A5241830A7A
:1002BC008B4201D38B02C01A5241430A8B4201D3A9
:1002CC004B02C01A5241030A8B4201D30B02C01AD3
:1002DC005241CDD2C3098B4201D3CB01C01A52413A
:1002EC0083098B4201D38B01C01A524143098B42C3
:1002FC0001D34B01C01A524103098B4201D30B01AC
:10030C00C01A5241C3088B4201D3CB00C01A5241D0
:10031C0083088B4201D38B00C01A524143088B4295
:10032C0001D34B00C01A5241411A00D2014652412E
:10033C00104670475DE0CA0F00D04942031000D34D
:10034C004042534000229C4603098B422DD3030AA2
:10035C008B4212D3FC22890112BA030A8B420CD3B2
:10036C00890192118B4208D3890192118B4204D3DB
:10037C0089013AD0921100E08909C3098B4201D35B
:10038C00CB01C01A524183098B4201D38B01C01A95
:10039C00524143098B4201D34B01C01A524103090C
:1003AC008B4201D30B01C01A5241C3088B4201D3BB
:1003BC00CB00C01A524183088B4201D38B00C01A68
:1003CC005241D9D243088B4201D34B00C01A52413F
:1003DC00411A00D20146634652415B10104601D3CC
:1003EC004042002B00D54942704763465B1000D356
:1003FC00404201B5002000F005F802BD0029F8D0FC
:10040C0016E770477047C046002B11D1002A0FD158
:10041C00002900D1002802D00021C943080007B4EC
:10042C00024802A14018029003BDC046D9FFFFFF4D
:10043C0003B4684601B5029800F006F8019B9E468D
:10044C0002B00CBC7047C046F0B557464E46454608
:10045C00DE46E0B504000D009246994683B08B420F
:10046C0030D82DD04946504600F0BAF82900060085
:10047C00200000F0B5F8331A9846203B34D49B4644
:10048C0053465A46934042461F00534693401E0023
:10049C00AF423BD8AF4200D179E05B46A41BBD41D3
:1004AC00002B00DA76E00022002300920193012356
:1004BC005A4693400193012342469340009329E00E
:1004CC008242CFD900220023009201930C9B002B77
:1004DC0001D01C605D600098019903B0F0BCBB4674
:1004EC00B246A946A046F0BD42469B4620239B1A25
:1004FC005246DA40414613004A468A4017004246AB
:10050C001F43534693401E00AF42C3D90022002321
:10051C00009201934346002BD8D0FB0772081A4374
:10052C0046467B080EE0AB4201D1A2420CD8A41A7D
:10053C009D41012024196D410021013E24184D419B
:10054C00002E06D0AB42EED9013E24196D41002E8F
:10055C00F8D1009801995B4600196941002B24DB06
:10056C002B005A464446D3402A00E2401C005B460E
:10057C001500002B2ADB26009E4033002600474640
:10058C00BE403200801A9941009001919EE7A3422F
:10059C00BCD882E74246202300219B1A00220091FE
:1005AC0001920122DA40019285E7424620239B1AF0
:1005BC002A0046469A402300F340444613432A003F
:1005CC00E2401C005B461500002BD4DA42462F009B
:1005DC002023260097409B1ADE403B003343CDE797
:1005EC0010B5002903D100F007F8203002E0080014
:1005FC0000F002F810BDC0461C2101231B049842D8
:10060C0001D3000C10391B0A984201D3000A083997
:10061C001B09984201D30009043902A2105C40184E
:10062C007047C046040302020101010100000000F2
:10063C0000000000F0B587B004AF78607B681B68E1
:10064C00D84A934200D032E2D74B1B780A2B04D005
:10065C00D54B1B780D2B00D014E2D44B1B781A0011
:10066C00D34B00219954D24B1B78462B41D1D14A04
:10067C00D14B1100180009F005FBCF4B180009F005
:10068C00FBF90200CD4B1A60CC4B1B68092B00DC2C
:10069C00F4E1CA4B1B68782B00DDEFE1C74B1B68FC
:1006AC00002B00DA01335B10FA2292019A18C34B2B
:1006BC001B6819001000FFF7BBFD03009AB2C04B7A
:1006CC001A80BE4B1968BE4B1B889BB2BD4ABE48F4
:1006DC0000930B003C2109F06BFABB4B1800FFF7A1
:1006EC000BFD03009AB2B849B8480A2307F0E4F8A6
:1006FC00C4E1AF4B1B784F2B17D1AE4AAE4B110058
:10070C00180009F0BFFAAC4B180009F0B5F902005B
:10071C00AA4B1A60A94B1B68012B00DDAEE1A74B5D
:10072C001B68DAB2AA4B1A70A8E1A14B1B78412BBB
:10073C0035D1A04AA04B1100180009F0A3FA9E4B2A
:10074C00180009F099F902009C4B1A609B4B1B682E
:10075C00812B00DC92E1994B1A68FA239B009A4298
:10076C0000DD8BE1954B1B689AB2954B1A80934B2D
:10077C001968934B1B889BB2964A934800930B00C5
:10078C003C2109F015FA904B1800FFF7B5FC03005B
:10079C009AB28D498D480A2307F08EF86EE1844B8E
:1007AC001B78432B2ED1834A834B1100180009F080
:1007BC0069FA814B180009F05FF902007F4B1A604F
:1007CC007E4B1B68132B00DC58E17C4B1B68502BB9
:1007DC0000DD53E1794B1B689AB27F4B1A80774B43
:1007EC001B687E4A78483C2109F0E2F9764B1800E8
:1007FC00FFF782FC03009AB2734974480A2307F08E
:10080C005BF83BE16A4B1B78492B31D1694A6A4B47
:10081C001100180009F036FA674B180009F02CF992
:10082C000200664B1A60654B1A68AF235B009A4254
:10083C0000DA23E1614B1B68694A934200DD1DE13C
:10084C005E4B1B689AB2674B1A805C4B1B68664AFE
:10085C005D483C2109F0ACF95B4B1800FFF74CFCF0
:10086C0003009AB2584959480A2307F025F805E1C4
:10087C004F4B1B78442B28D15C4B1B889BB21E0022
:10088C005B4B1B889BB219005A4B1B889BB21C00FC
:10089C00594B1B889BB21D00584B1B889BB2584A66
:1008AC004948039302950194009133003C2109F0CF
:1008BC007FF9454B1800FFF71FFC03009AB2424921
:1008CC0042480A2306F0F8FFD8E0394B1B78542B2A
:1008DC0035D14C4B1B889BB25B089BB2FA22920120
:1008EC009A18484B1B889BB219001000FFF7A0FC0C
:1008FC0003009BB21A00314B1A60304B1968414B04
:10090C001B889BB21C00344B1B889BB21D00354BC3
:10091C001B889BB23C4A2C480293019500940B0017
:10092C003C2109F045F9284B1800FFF7E5FB0300C3
:10093C009AB2254925480A2306F0BEFF9EE01C4BBF
:10094C001B78502B1BD1314B1968314B1B68314A2A
:10095C00128892B21400304A1B48019400930B0089
:10096C003C2109F025F9184B1800FFF7C5FB0300D3
:10097C009AB2154915480A2306F09EFF7EE00C4BEF
:10098C00180009F079F802000C4B1A600B4B1B682D
:10099C00692B62DC094B1B68002B41DC1F4B0022CE
:1009AC001A7047E000440040CB040020CA04002029
:1009BC00B4040020B5040020C00400200805002069
:1009CC000400002044A50008CC04002014040020DE
:1009DC00160500205CA50008B004002070A50008D6
:1009EC0012020000AE04002080A500087A0100204D
:1009FC007C0100207E01002080010020820100206B
:100A0C0094A50008A8040020C4A5000884010020B7
:100A1C0088010020B2040020F0A500080800002086
:100A2C00254B01221A70254B1A68254B5200D25ABD
:100A3C00244B1A80214B1B68234A24483C2109F083
:100A4C00B7F8224B1800FFF757FB03009AB21F4967
:100A5C001F480A2306F030FF10E01E4A1B4B3C21B6
:100A6C00180009F0A5F8194B1800FFF745FB030017
:100A7C009AB2164916480A2306F01EFF164B00229E
:100A8C001A700EE0144B1B78082B0AD8124B1B78EB
:100A9C005A1CD1B2104A11701A00104B1978104B15
:100AAC0099540E490A4B0122180006F0A9FFC046C2
:100ABC00BD4603B0F0BDC04608000020080500206C
:100ACC000C0000200400002010A60008CC0400201C
:100ADC001404002024A60008CA040020CB04002023
:100AEC00B404002080B582B000AF01F0FDFBC34B15
:100AFC003C221A80C24BD22252001A80C14B3C229B
:100B0C001A80C04B1B889BB205339AB2BD4B1A801E
:100B1C0000F038FB00F02CFF00F014FF00F0B6FBE7
:100B2C0000F066FC00F094FC00F008FD00F0CAFD3B
:100B3C0000F092FE00F0B8FE00F054FE00F0BEFC97
:100B4C0000F07EFBB04BFA229200DA62AF4B180039
:100B5C0004F0F4FEAE4B9A69AD4B80210A439A61C6
:100B6C00AB4B1A68AA4B80210A431A60A94B00218F
:100B7C00180004F097FFA74B1B685A6CA54B1B6819
:100B8C00802109020A435A64A34B0021180002F089
:100B9C0084FFA24B1B889BB29F480022002103F0CC
:100BAC002FF89F4B180002F025FE9E4B1B78DBB2F2
:100BBC001A009D499D4B180001F03CFF9C499D4B30
:100BCC000122180006F01CFF9B4B0421180005F0B5
:100BDC009BF9994B0021180005F0A6F8FB1D00228B
:100BEC001A7080231B02954A1900100003F02CFE8A
:100BFC00C82001F0FFFB80231B02904A1900100053
:100C0C0003F022FEC82001F0F5FB80231B028B4A67
:100C1C001900100003F018FEC82001F0EBFB802334
:100C2C001B02864A1900100003F00EFE844B1B7841
:100C3C00DBB2002B2BD0834B1B68002B24D0824BB8
:100C4C001B6864225A437F4B1B6819001000FFF786
:100C5C0065FA03009BB201339AB27C4B1A807B4B32
:100C6C001B889BB2042B03D8794B00221A700BE023
:100C7C00774B01221A70754B1B889BB21A00754B6F
:100C8C005200D25A744B1A806D4B00221A70734B5F
:100C9C001B78DBB2002B00D1A6E0704B00221A703F
:100CAC006F4B1B78002B2CD06B4B1B889BB2190005
:100CBC00FA239801FFF7BCFA03009AB2694B1B8820
:100CCC00D3189BB20A3B9AB2674B1A80664B1B88AF
:100CDC009BB21900FA239801FFF7AAFA03009AB203
:100CEC00624B1A805F4B1B88152B03D95D4B00227E
:100CFC001A800BE05B4B1B8801339AB2594B1A805C
:100D0C0004E0554B1B889AB2584B1A8080239B00E9
:100D1C00574A1900100003F05DFD031E05D14C4B22
:100D2C001B78002B01D0012300E00023DAB2514BD9
:100D3C001A70504B1B78DBB2002B26D04E4B1B7815
:100D4C00002B22D14D4B1B8801339AB24B4B1A808E
:100D5C004B4B1B78002B18D1284B1B889BB2632B59
:100D6C0013D8484B1B8801339AB2464B1A80454B1B
:100D7C001B88102B09D9434B00221A801F4B1B8850
:100D8C009BB201339AB21D4B1A803F4B1B889BB20E
:100D9C003E4A93420AD83C4B1B889AB28D231B01C6
:100DAC009A4203D93A4B01221A7002E0384B0022C6
:100DBC001A70384B1B889AB2FA235B009A4203D9FB
:100DCC00354B01221A7002E0334B00221A70334B60
:100DDC001B889BB2324A934203D9324B01221A70C0
:100DEC0002E0304B00221A70FB1D1B78042B00D93B
:100DFC001CE79A002C4BD3181B689F46AC040020B0
:100E0C00AE040020B0040020001000407C03002041
:100E1C00002C0140E40200207C020020060000208F
:100E2C004C02002000000020640100208C010020F6
:100E3C00CB040020140400203003002000080050D4
:100E4C00610100208401002088010020B2040020F0
:100E5C00080000200C00002004000020600100208D
:100E6C001605002014050020AA040020A804002068
:100E7C00000400505C0100200E0500200C05002031
:100E8C0012050020100500207A010020560C0000ED
:100E9C005D0100207C0100205E0100208201002009
:100EAC00280A00005F01002038A60008A14B002290
:100EBC001A70A14B00221A70A04B00221A80A04B72
:100ECC003C221A8080231B029E480022190003F04A
:100EDC009EFCA023DB0500222021180003F097FCC8
:100EEC00994B1B6800225A63984B1B889AB2984BFB
:100EFC00DA62984B1B78DBB2002B00D114E1964BD5
:100F0C001B78DBB2002B00D10EE1944B1B78DBB2CB
:100F1C00002B00D008E1FB1D02221A7004E1904B5B
:100F2C001A78904B1B789A4203D9FB1D04221A7035
:100F3C005FE0804B1B78002B5BD1804B1A88FA2327
:100F4C00DB009A424CD280231B027E4800221900FF
:100F5C0003F05DFC844B1B889BB28448002200216B
:100F6C0002F04EFE764B1B889AB2774B1B685A6385
:100F7C00764B1B889AB2764BDA62A023DB050122F2
:100F8C002021180003F043FC8023DB016D48012273
:100F9C00190003F03CFC764B1B889AB2BE239B00D5
:100FAC009A4202D9644B01221A70714B1B889AB277
:100FBC00BE239B009A421CD9604B1A88FA239B00D3
:100FCC009A4216D9A023DB0500222021180003F039
:100FDC001EFC584B01221A70FB1D01221A7008E0EE
:100FEC00564B1A88FA23DB009A4202D3FB1D0322CC
:100FFC001A70584B1B78DBB2002B00D096E0FB1D0F
:10100C0000221A7092E04B4B00221A70A023DB05D1
:10101C0000222021180003F0FAFB4B4B1B68002226
:10102C005A6380231B02474A1900100003F00CFC82
:10103C00642001F0DFF980231B02424A19001000E2
:10104C0003F002FC642001F0D5F980231B023D4A19
:10105C001900100003F0F8FB642001F0CBF9802399
:10106C001B02384A1900100003F0EEFB8023DB0151
:10107C0034480022190003F0CAFB3E4B1B881800B1
:10108C0001F0B8F9364B1B780133DAB2344B1A70D5
:10109C00FB1D00221A704CE080231B022948012200
:1010AC00190003F0B4FB8023DB0126480022190051
:1010BC0003F0ADFB304B1B889AB2254BDA622F4BF9
:1010CC001B889AB2204B1B685A632D4B1B889BB212
:1010DC0026480022002102F093FD1E4B1B78DBB248
:1010EC00002B04D01C4B1B78DBB2002B02D1FB1D58
:1010FC0000221A70194B1B78DBB2002B18D0FB1D89
:10110C0000221A7014E0104B1B6800225A638023D3
:10111C001B020C4A1900100003F096FBFA239B00EB
:10112C00180001F067F904E0C0467FE5C0467DE594
:10113C00C0467BE50E050020120500200C050020A2
:10114C00AC04002000080050E40200200200002043
:10115C00002C01405C0100205D0100205E0100209C
:10116C0013050020E2000020060000207C02002075
:10117C0080010020E0000020A8040020B004002022
:10118C00AE04002090B593B000AF10243B191800AA
:10119C0038231A00002108F041FD3B0018001023F1
:1011AC001A00002108F03AFD80239B00180003F080
:1011BC00A5FC3B1902221A603B1980225200DA600E
:1011CC0021007B1800221A617B1840225A617B187F
:1011DC000222DA617B1802221A627B1800225A6200
:1011EC007B1808229A627B18E0221203DA627B18C1
:1011FC00E02212051A637B18802292055A637B1831
:10120C00180003F0C7FC031E01D000F03FFC3B00AC
:10121C0007221A603B0000225A603B0000229A60B1
:10122C003B000022DA603B000021180003F0CCFFE9
:10123C00031E01D000F02AFCC046BD4613B090BD81
:10124C0080B500AF00220021112002F0D1FB11204B
:10125C0002F0E3FB002200210C2002F0C9FB0C2061
:10126C0002F0DBFB00220021092002F0C1FB092067
:10127C0002F0D3FB00220021102002F0B9FB102059
:10128C0002F0CBFBC046BD4680BD000080B584B0EB
:10129C0000AF3B1D18000C231A00002108F0BEFC07
:1012AC004D4B4E4A1A604C4BA02252035A604A4B8B
:1012BC0000229A60484B0022DA60474B802292034E
:1012CC001A61454B04225A61434B00221A76424B59
:1012DC0000225A76404B01229A763F4B0522DA6166
:1012EC003D4BA822D2005A623B4B8022D2009A621C
:1012FC00394B2C2201219954374B00221A63364B5F
:10130C0006225A63344B06229A63334B3C2200214B
:10131C009954314B0022DA642F4B180001F0E2F99A
:10132C00031E01D000F0B2FB3B1D01221A603B1DD5
:10133C0000225A603B1D00229A603A1D264B110078
:10134C00180001F03DFD031E01D000F09FFB3B1D7A
:10135C00234A1A603B1D04225A603A1D1E4B110091
:10136C00180001F02DFD031E01D000F08FFB3B1D7A
:10137C001C4A1A603B1D08225A603A1D164B11007C
:10138C00180001F01DFD031E01D000F07FFB3B1D7A
:10139C00154A1A603B1D0C225A603A1D0E4B110067
:1013AC00180001F00DFD031E01D000F06FFB3B1D7A
:1013BC000E4A1A603B1D10225A603A1D064B110052
:1013CC00180001F0FDFC031E01D000F05FFBC046CD
:1013DC00BD4604B080BDC0468C01002000240140F5
:1013EC000200000400010020000200240004002878
:1013FC0080B500AF144B154A1A60134B00221A61CA
:10140C00114B40225A61104B0022DA610E4B002224
:10141C009A600D4B00229A610B4B00221A620A4B08
:10142C000022DA60084B00225A60074B00225A62F5
:10143C00054B180002F07CF8031E01D000F026FBCF
:10144C00C046BD4680BDC0464C020020040201408F
:10145C0080B58AB000AF3B1D180024231A00002170
:10146C0008F0DCFB134B144A1A60124B180002F004
:10147C00F1FA031E01D000F009FB3B1D00221A609B
:10148C003B1D00225A603B1D02229A603B1D01222B
:10149C00DA603B1D00221A61391D064B0022180030
:1014AC0002F0DEFB031E01D000F0F0FAC046BD4690
:1014BC000AB080BD7C0200200074004080B500AFF3
:1014CC001B4B1C4A1A601A4B1B4A5A60184B0022C1
:1014DC009A60174B0122DA60154B00221A61144BEB
:1014EC0000225A61124B00229A61114B0022DA61E0
:1014FC000F4B00221A620E4B180003F0C1F9031EA9
:10150C0001D000F0C3FA0A4B0021180003F05EFA78
:10151C00031E01D000F0BAFA054B0021180003F0AD
:10152C00A1FA031E01D000F0B1FAC046BD4680BD41
:10153C0090020020005800405B3D300080B59CB00C
:10154C0000AF5C23FB18180014231A00002108F0CC
:10155C0065FB5023FB1818000C231A00002108F01F
:10156C005DFB3423FB1818001C231A00002108F023
:10157C0055FB3B00180034231A00002108F04EFBE9
:10158C004E4B4F4A1A604D4B00225A604B4B002277
:10159C009A604A4BA0225200DA60484B00221A6132
:1015AC00464B00225A61454B80229A61434B1800EE
:1015BC0004F020FA031E01D000F068FA5C217B18BD
:1015CC0001221A607B1801225A6079183B4B0022C9
:1015DC00180005F07DF8031E01D000F057FA5021D9
:1015EC007B1800221A607B1800225A607B1800229C
:1015FC009A607A18314B1100180005F0E5FF031EB4
:10160C0001D000F043FA34217B1860221A607B1859
:10161C0000225A607B1800229A607B180022DA6044
:10162C007B1800221A617B1800225A617B18002259
:10163C009A617918214B0022180004F049FF031E0F
:10164C0001D000F023FA3B0000221A603B0000227C
:10165C005A603B0000229A603B000022DA603B009B
:10166C0000221A613B00802292015A613B00002249
:10167C009A613B000022DA613B0000221A623B00B7
:10168C00802292045A623B0000229A623B000022A4
:10169C00DA623B0000221A633A00084B1100180072
:1016AC0006F000F8031E01D000F0F0F9034B18000F
:1016BC0000F02CFCC046BD461CB080BDE4020020EE
:1016CC00002C014080B58CB000AF1C23FB18180017
:1016DC0014231A00002108F0A1FA0C23FB1818009F
:1016EC0010231A00002108F099FA3B0018000C2373
:1016FC001A00002108F092FA374B384A1A60364B20
:10170C0000225A60344B00229A60334B344ADA6020
:10171C00314B00221A61304B00229A612E4B18007B
:10172C0004F0AAFA031E01D000F0B0F91C217B18BA
:10173C0004221A607B1860225A607B1800229A607F
:10174C007B180022DA607B1800221A617A18224B6F
:10175C001100180005F0E6F8031E01D000F096F910
:10176C000C217B1802221A607B1802225A607B180B
:10177C0000229A607B180022DA607918164B00223E
:10178C00180004F001FE031E01D000F07FF90C21BB
:10179C007B1800221A607B1801225A6079180E4BB4
:1017AC000422180004F0F0FD031E01D000F06EF9C5
:1017BC003B0000221A603B0000229A603A00064B64
:1017CC001100180005F000FF031E01D000F05EF9B7
:1017DC00C046BD460CB080BD300300200004004064
:1017EC00FFFF000080B584B000AF3B1D18000C2338
:1017FC001A00002108F012FA154B164A1A60144B05
:10180C0010225A60124B00229A60114BFA2292005D
:10181C00DA600F4B00229A610D4B180004F036F879
:10182C00031E01D000F032F93B1D20221A603B1D33
:10183C0000229A603A1D064B1100180005F0C4FEF8
:10184C00031E01D000F022F9C046BD4604B080BD95
:10185C007C0300200010004080B500AF0F4B104AF5
:10186C001A600E4B00225A600C4B00229A600B4BF4
:10187C000C4ADA60094B00221A61084B00225A61AB
:10188C00064B00229A61054B180003F0FFFF031E64
:10189C0001D000F0FBF8C046BD4680BDC803002057
:1018AC0000440140FFFF000080B500AF234B244AE9
:1018BC001A60224BE12252025A60204B00229A609D
:1018CC001E4B0022DA601D4B00221A611B4B0C22AE
:1018DC005A611A4B00229A61184B0022DA61174B9D
:1018EC0000221A62154B00225A62144B00229A6293
:1018FC00124B180005F08AFF031E01D000F0C6F849
:10190C000E4B0021180007F0D7FF031E01D000F08A
:10191C00BDF80A4B0021180008F00EF8031E01D088
:10192C0000F0B4F8054B180007F08CFF031E01D033
:10193C0000F0ACF8C046BD4680BDC0461404002083
:10194C000044004080B582B000AF084B9A6B074B47
:10195C0001210A439A63054B9B6B012213407B6068
:10196C007B68C046BD4602B080BDC0460010024038
:10197C0090B589B000AF0C243B19180014231A0041
:10198C00002108F04BF93D4B5A6B3C4B02210A43AA
:10199C005A633A4B5B6B02221340BB60BB68374BFC
:1019AC005A6B364B04210A435A63344B5B6B04224B
:1019BC0013407B607B68314B5A6B304B01210A43DF
:1019CC005A632E4B5B6B012213403B603B682C49E6
:1019DC002C4B0022180002F01AFFA023DB0500227A
:1019EC00A021180002F013FF3B19802292001A600C
:1019FC003B1900225A603B1901229A603B19224A7A
:101A0C001900100002F082FD3B191D4A1A603B19A7
:101A1C0001225A603B1900229A603B190022DA60BD
:101A2C003B19184A1900100002F070FD3B195022A6
:101A3C001A603B1900225A603B1900229A603A192D
:101A4C00A023DB051100180002F060FD21007B18BB
:101A5C00A0221A607B1801225A607B1800229A601F
:101A6C007B180022DA607A18A023DB05110018001D
:101A7C0002F04CFDC046BD4609B090BD00100240BE
:101A8C0040C00000000800500004005080B500AFBA
:101A9C0072B6C04680231B02054A1900100002F0E2
:101AAC00D3FEFA235B00180000F0A4FCC046F1E75B
:101ABC000008005080B582B000AF0F4B1A6C0E4B73
:101ACC0001210A431A640C4B1B6C012213407B60EE
:101ADC007B68094BDA6B084B802149050A43DA63B2
:101AEC00054BDA6B80235B0513403B603B68C046BB
:101AFC00BD4602B080BDC0460010024090B599B002
:101B0C0000AF78604C23FB18180014231A00002136
:101B1C0008F084F818243B19180034231A0000210B
:101B2C0008F07CF87B681B68444A934200D080E044
:101B3C003B198022D2011A603B198022D2051A620D
:101B4C003B19180003F0EAFC031E01D0FFF79EFFBF
:101B5C003B4B1A6C3A4B802149030A431A64384BAD
:101B6C001A6C80235B0313407B617B69344B5A6B8B
:101B7C00334B01210A435A63314B5B6B01221340F7
:101B8C003B613B692E4B5A6B2D4B02210A435A6326
:101B9C002B4B5B6B02221340FB60FB684C243B1904
:101BAC0003221A603B1903225A603B1900229A60E7
:101BBC003A19A023DB051100180002F0A7FC3B1911
:101BCC0007221A603B1903225A603B1900229A60C3
:101BDC003B191C4A1900100002F098FC1A4B1B4AC6
:101BEC001A60194B05225A60174B00229A60164B4B
:101BFC000022DA60144B80221A61134B80225200AF
:101C0C005A61114B8022D2009A610F4B2022DA616B
:101C1C000D4B00221A620C4B180002F059F9031EEE
:101C2C0001D0FFF733FF7B68074A1A65064B7A68C9
:101C3C009A62C046BD4619B090BDC0460024014012
:101C4C000010024000040050F00100200800024087
:101C5C0090B589B000AF78600C243B1918001423A0
:101C6C001A00002107F0DAFF7B681B68104A9342C8
:101C7C001AD1104B5A6B0F4B02210A435A630D4B6E
:101C8C005B6B02221340BB60BB683B1910221A60CD
:101C9C003B1903225A603B1900229A603B19064AF1
:101CAC001900100002F032FCC046BD4609B090BDD0
:101CBC0004020140001002400004005080B584B0C2
:101CCC0000AF78607B681B680A4A93420DD10A4BBF
:101CDC00DA6B094B802189050A43DA63064BDA6B10
:101CEC0080239B051340FB60FB68C046BD4604B0D7
:101CFC0080BDC046007400400010024090B58BB00F
:101D0C0000AF786014243B19180014231A0000212A
:101D1C0007F084FF7B681B681C4A934231D11C4B33
:101D2C005A6B1B4B01210A435A63194B5B6B012203
:101D3C0013403B613B693B19C02252011A602100E0
:101D4C007B1812225A607B1800229A607B180022A2
:101D5C00DA607B1806221A617A18A023DB051100C1
:101D6C00180002F0D3FB0A4BDA6B094B8021C90334
:101D7C000A43DA63064BDA6B8023DB031340FB6008
:101D8C00FB68C046BD460BB090BDC0460058004035
:101D9C000010024090B591B000AF78600C243B1954
:101DAC00180034231A00002107F038FF7B681B68E9
:101DBC00114A93421CD13B19802292031A603B19A1
:101DCC0000229A623B19180003F0A8FB031E01D0F5
:101DDC00FFF75CFE094B1A6C084B802109010A4382
:101DEC001A64064B1A6C80231B011340BB60BB6842
:101DFC00C046BD4611B090BD002C01400010024001
:101E0C0090B58BB000AF786014243B1918001423E4
:101E1C001A00002107F002FF7B681B681A4A9342E4
:101E2C002DD11A4BDA6B194B02210A43DA63174B8B
:101E3C00DB6B022213403B613B69144B5A6B134B17
:101E4C0002210A435A63114B5B6B02221340FB6065
:101E5C00FB6821007B1820221A607B1802225A6032
:101E6C007B1800229A607B180022DA607B18012212
:101E7C001A617B18064A1900100002F047FBC04695
:101E8C00BD460BB090BDC04600040040001002409F
:101E9C000004005080B584B000AF78607B681B688C
:101EAC00174A93420CD1174BDA6B164B10210A438D
:101EBC00DA63144BDB6B10221340FB60FB681AE0F7
:101ECC007B681B68104A934215D10E4B1A6C0D4B54
:101EDC00802189020A431A640A4B1A6C80239B02E4
:101EEC001340BB60BB6800220021152001F080FD6F
:101EFC00152001F092FDC046BD4604B080BDC04621
:101F0C0000100040001002400044014090B589B020
:101F1C0000AF78600C243B19180014231A00002120
:101F2C0007F07CFE7B681B68154A934223D1154B46
:101F3C005A6B144B01210A435A63124B5B6B0122FF
:101F4C001340BB60BB683B19802252001A60210011
:101F5C007B1802225A607B1800229A607B1803229D
:101F6C00DA607B1802221A617A18A023DB051100B3
:101F7C00180002F0CBFAC046BD4609B090BDC04671
:101F8C00002C01400010024090B597B000AF786073
:101F9C004423FB18180014231A00002107F03EFEFE
:101FAC0010243B19180034231A00002107F036FEC8
:101FBC007B681B68264A934246D13B1902221A6061
:101FCC003B1900229A603B19180003F0A7FA031E74
:101FDC0001D0FFF75BFD1F4BDA6B1E4B8021890292
:101FEC000A43DA631B4BDA6B80239B021340FB60C2
:101FFC00FB68184B5A6B174B01210A435A63154B5C
:10200C005B6B01221340BB60BB6844217B180C2224
:10201C001A607B1802225A607B1800229A607B1887
:10202C000022DA607B1801221A617A18A023DB05E2
:10203C001100180002F06AFA002200211C2001F0A5
:10204C00D7FC1C2001F0E9FCC046BD4617B090BD82
:10205C00004400400010024080B500AFC046FDE7D0
:10206C0080B500AFC046FDE780B500AFC046BD46A9
:10207C0080BD80B500AFC046BD4680BD80B500AF09
:10208C0000F09CF9C046BD4680BD000080B582B012
:10209C0000AF214B180002F0F7F800237B6017E02B
:1020AC001E4B7A685200D35A9BB21A0013005B0085
:1020BC009B181B4A796849008A5A92B29B189B104C
:1020CC0099B2164B7A685200D1527B6801337B600F
:1020DC00144B1B78DBB21A007B689342E0DB0F4B8E
:1020EC001B889AB2104B1A800C4B5B889AB20F4B20
:1020FC001A800A4B9B889AB20D4B1A80074BDB88CF
:10210C009AB20C4B1A80054B1B899AB20A4B1A8057
:10211C00C046BD4602B080BDF00100207001002019
:10212C0064010020000000207A0100207C010020C6
:10213C00800100207E0100208201002080B500AFCC
:10214C00034B180000F004FDC046BD4680BDC046E0
:10215C008C01002080B500AF0B4B180004F00CF87C
:10216C00094B0421180004F023FC0200074B1A60F1
:10217C00054B0021180004F01BFC0200044B1A60F4
:10218C00C046BD4680BDC0463003002084010020FF
:10219C008801002080B500AF0F4B180003F0ECFF56
:1021AC000E4B180001F0D0FC0D4B01221A700D4B98
:1021BC001B88092B06D90B4B00221A800A4B0122D3
:1021CC001A7005E0074B1B8801339AB2054B1A8035
:1021DC00C046BD4680BDC0467C0300207C0200206A
:1021EC0060010020180500206101002080B500AFBF
:1021FC00034B180003F0C0FFC046BD4680BDC0466F
:10220C00C803002080B500AF034B180005F056FC46
:10221C00C046BD4680BDC0461404002080B586B0C3
:10222C0000AF7860144A154BD31A7B617B693B6114
:10223C00134B1B68002B02D1114B124A1A60104B26
:10224C001A687B68D3183A699A4207D207F0EEFCF9
:10225C0003000C221A6001235B4209E0084B1B6847
:10226C00FB60074B1A687B68D218054B1A60FB6839
:10227C001800BD4606B080BD009000200004000090
:10228C001C0500207006002080B500AFC046BD467E
:10229C0080BD00000D488546FFF7F6FF0C480D4940
:1022AC000D4A002302E0D458C4500433C4188C42A5
:1022BC00F9D30A4A0A4C002301E013600432A2420B
:1022CC00FBD307F0B9FCFEF70DFCFEE700900020F5
:1022DC000000002040010020C0A8000840010020A0
:1022EC006C060020FEE7000080B582B000AFFB1D3D
:1022FC0000221A700B4B1A680A4B802149000A43C2
:10230C001A60032000F010F8031E03D0FB1D0122FD
:10231C001A7001E0FFF7CEFBFB1D1B781800BD46C1
:10232C0002B080BD0020024090B585B000AF78604F
:10233C000F23FB1800221A701D4B1B78002B2BD07F
:10234C001C4B1C681A4B1B781900FA239800FDF7DC
:10235C00E5FE030019002000FDF7E0FE0300180065
:10236C0001F06BFB031E12D17B68032B0AD8796832
:10237C0001235B420022180001F03AFB0E4B7A68F5
:10238C001A600DE00F23FB1801221A7008E00F23CE
:10239C00FB1801221A7003E00F23FB1801221A709C
:1023AC000F23FB181B781800BD4605B090BDC04626
:1023BC00EC000020E4000020E800002080B500AF15
:1023CC00054B1B781A00054B1B68D218034B1A607F
:1023DC00C046BD4680BDC046EC0000202005002054
:1023EC0080B500AF024B1B681800BD4680BDC046CF
:1023FC002005002080B584B000AF7860FFF7F0FFB7
:10240C000300BB607B68FB60FB68013305D00A4BA3
:10241C001B781A00FB689B18FB60C046FFF7E0FFB7
:10242C000200BB68D31AFA689A42F7D8C046C04675
:10243C00BD4604B080BDC046EC00002080B582B023
:10244C0000AF786039607B681B68054A1A403B68AE
:10245C001A437B681A60C046BD4602B080BDC046B8
:10246C00FFFF3FFE80B582B000AF78607B681A68D2
:10247C00E0235B0413401800BD4602B080BD80B55C
:10248C0084B000AFF860B9607A60FB685B69BA68C9
:10249C0004210A40072191400A00D2431A40BB682C
:1024AC0004210B40796899400B001A43FB685A6170
:1024BC00C046BD4604B080BD80B582B000AF786028
:1024CC0039607B685B693A6804210A4007219140B6
:1024DC000A001A403B6804210B40DA401300180034
:1024EC00BD4602B080BD80B582B000AF78607B681D
:1024FC00DA68C0231B01134001D1012300E0002343
:10250C001800BD4602B080BD80B584B000AFF86045
:10251C00B9607A60FB689B6ABA681F210A400F2178
:10252C0091400A00D2431A407B689B0E0F21194040
:10253C00BB681F20034099400B001A43FB689A624A
:10254C00C046BD4604B080BD80B582B000AF786097
:10255C0039607B689A6A3B685B035B0B1A437B6848
:10256C009A62C046BD4602B080BD80B582B000AF55
:10257C00786039607B689B6A3A685203520BD2438D
:10258C001A407B689A62C046BD4602B080BD80B5D9
:10259C0082B000AF78607B68DB68032213401800C0
:1025AC00BD4602B080BD000080B584B000AFF860BD
:1025BC00B9607A60FB685B69BA681202D2431A4050
:1025CC00BB681B0279680B4004490B401A43FB683B
:1025DC005A61C046BD4604B080BDC04600FFFF072F
:1025EC0080B582B000AF78607B689B68054A134069
:1025FC00802252051A437B689A60C046BD4602B0E1
:10260C0080BDC046E8FFFF6F80B582B000AF786038
:10261C007B689A6880235B051A4080235B059A428D
:10262C0001D1012300E000231800BD4602B080BD9B
:10263C0080B582B000AF78607B689B68044A134019
:10264C0001221A437B689A60C046BD4602B080BD29
:10265C00E8FFFF7F80B582B000AF78607B689B6835
:10266C00044A134002221A437B689A60C046BD4656
:10267C0002B080BDE8FFFF7F80B582B000AF78600C
:10268C007B689B6801221340012B01D1012300E0E0
:10269C0000231800BD4602B080BD000080B582B09A
:1026AC0000AF78607B689B68044A134004221A438D
:1026BC007B689A60C046BD4602B080BDE8FFFF7FD4
:1026CC0080B582B000AF78607B689B6804221340B1
:1026DC00042B01D1012300E000231800BD4602B0F9
:1026EC0080BD000080B588B000AF78601F23FB1858
:1026FC0000221A700023BB6100237B610023FB6066
:10270C007B68002B01D101237FE17B689B6D002B43
:10271C000AD17B681800FFF7F1F97B680022DA65B3
:10272C007B685422002199547B681B681800FFF7C2
:10273C006BFF031E15D17B681B681800FFF750FF59
:10274C00B44B1B68B4491800FDF7E8FC03000133D7
:10275C005B00FB6002E0FB68013BFB60FB68002B4D
:10276C00F9D17B681B681800FFF74EFF031E0FD1D1
:10277C007B689B6D10221A437B689A657B68DB6DC6
:10278C0001221A437B68DA651F23FB1801221A7099
:10279C007B681B681800FFF793FF03003B617B68A5
:1027AC009B6D1022134000D022E13B69002B00D01E
:1027BC001EE17B689B6D994A134002221A437B6889
:1027CC009A657B681B681800FFF756FF031E00D044
:1027DC00ADE07B689A687B681B7E9B031A437B6821
:1027EC005B7EDB031A437B689B7E5B031A437B682F
:1027FC001B6B002B02D080235B0100E000231A43EB
:10280C007B68DB681A437B681B69002B04DA7B68E6
:10281C001B695B005B0801E080239B031A437B6808
:10282C002C215B5C5B001343BA691343BB617B686F
:10283C0020229B5C012B15D17B689B7E002B05D144
:10284C00BB69802252021343BB610BE07B689B6D1A
:10285C0020221A437B689A657B68DB6D01221A4340
:10286C007B68DA657B685B6A002B0AD07B685A6AE6
:10287C00E0235B001A407B689B6A1343BA691343DD
:10288C00BB617B681B68DB68654A134019007B6879
:10289C001B68BA690A43DA607B685B689B0F9A070E
:1028AC007B68DB6C13437A6913437B617B683C2246
:1028BC009B5C012B11D17B685B689B0F9A077B6833
:1028CC001B6C1A437B685B6C1A437B689B6C1A43CA
:1028DC007B691343012213437B617B681B681B6973
:1028EC00504A134019007B681B687A690A431A61C5
:1028FC007B685A68C0231B069A4218D07B685A68BA
:10290C008023DB059A4212D07B685A6880231B0611
:10291C009A420CD0444B1B68444A134019007B6804
:10292C005A68F0239B031A403F4B0A431A607B689A
:10293C0018687B685B6B1A000021FFF7A0FD7B68B1
:10294C0018687B689B6B3A491A00FFF798FD7B6807
:10295C001B69002B09D17B681B689A6A7B681B6812
:10296C00102149420A439A6218E07B681A69802355
:10297C009B039A4212D17B681B689B6A7B68DB695C
:10298C00013B9B001C221340102252429A40110022
:10299C007B681A6E7B681B680A439A627B681B68AB
:1029AC0000211800FFF788FD02007B685B6B9A42E0
:1029BC000BD17B680022DA657B689B6D0322934305
:1029CC0001221A437B689A651CE07B689B6D12227E
:1029DC00934310221A437B689A657B68DB6D012256
:1029EC001A437B68DA651F23FB1801221A7009E071
:1029FC007B689B6D10221A437B689A651F23FB181A
:102A0C0001221A701F23FB181B781800BD4608B052
:102A1C0080BDC046E4000020400D0300FDFEFFFF1A
:102A2C000102DEFF02FCFF1F08270140FFFFC3FF6E
:102A3C0004FFFF07B0B586B000AFF860B9607A60EC
:102A4C00FB681B681800FFF73BFE031E6CD1FB688C
:102A5C0054229B5C012B01D102236CE0FB685422B5
:102A6C0001219954FB681B68DB680122134013D1C8
:102A7C00FB681B681800FFF7FFFD031E04D0FB6802
:102A8C001B681800FFF7E6FDFB681B68DA68FB683B
:102A9C001B6801210A43DA6017257C19FB681800B2
:102AAC0000F066FB030023702C003B191B78002BF5
:102ABC003ED1FB689B6D224A1340802252001A4380
:102ACC00FB689A65FB680022DA65FB681B6D1D4A82
:102ADC00DA62FB681B6D1C4A1A63FB681B6D1B4A90
:102AEC005A63FB681B681C221A60FB685422002185
:102AFC009954FB681B685A68FB681B6810210A43D1
:102B0C005A60FB68186DFB681B6840331900BA6883
:102B1C003C197B6801F066FA03002370FB681B68A4
:102B2C001800FFF7BBFD03E01723FB1802221A70F5
:102B3C001723FB181B781800BD4606B0B0BDC04665
:102B4C00FEF0FFFF89320008513300086F33000894
:102B5C0080B586B000AF786000237B617B681B6812
:102B6C001B683B617B681B685B68FB603B690222EE
:102B7C00134017D0FB680222134013D07B689B6D67
:102B8C001022134006D17B689B6D802212011A43E0
:102B9C007B689A657B68180000F00EFC7B681B68EC
:102BAC0002221A603B690422134003D0FB68042202
:102BBC00134007D13B69082213404DD0FB68082213
:102BCC00134049D07B689B6D1022134006D17B6863
:102BDC009B6D802292001A437B689A657B681B6808
:102BEC001800FFF780FC031E2ED07B689B7E002B09
:102BFC002AD17B681B681B6808221340082B23D141
:102C0C007B681B681800FFF75BFD031E10D17B6807
:102C1C001B685A687B681B680C218A435A607B6866
:102C2C009B6D564A134001221A437B689A650BE050
:102C3C007B689B6D20221A437B689A657B68DB6DF1
:102C4C0001221A437B68DA657B68180000F098F85B
:102C5C007B681B680C221A603B698022134012D0DF
:102C6C00FB68802213400ED07B689B6D8022520241
:102C7C001A437B689A657B68180000F091F87B68B2
:102C8C001B6880221A603A6980235B00134014D0C1
:102C9C00FA6880235B0013400FD07B689B6D802209
:102CAC0092021A437B689A657B68180000F074FBEB
:102CBC007B681B68802252001A603A6980239B0053
:102CCC00134014D0FA6880239B0013400FD07B680C
:102CDC009B6D8022D2021A437B689A657B68180030
:102CEC0000F062FB7B681B68802292001A603B69D3
:102CFC00102213402BD0FB681022134027D07B6886
:102D0C001B6B002B02D101237B6108E07B681B68E5
:102D1C001800FFF73CFC031E01D001237B617B698B
:102D2C00012B10D17B689B6D8022D2001A437B68EB
:102D3C009A657B68DB6D02221A437B68DA657B68D7
:102D4C00180000F035F87B681B6810221A603A698D
:102D5C0080239B0113400DD0FA6880239B01134004
:102D6C0008D07B68180000F02FFB7B681B68802262
:102D7C0092011A60C046BD4606B080BDFEFEFFFF44
:102D8C0080B582B000AF7860C046BD4602B080BD51
:102D9C0080B582B000AF7860C046BD4602B080BD41
:102DAC0080B582B000AF7860C046BD4602B080BD31
:102DBC0080B582B000AF7860C046BD4602B080BD21
:102DCC0080B586B000AF786039601723FB180022FD
:102DDC001A700023FB607B6854229B5C012B01D191
:102DEC000223C0E17B685422012199547B681B6843
:102DFC001800FFF765FC031E00D0A3E13B685B687D
:102E0C00022B00D143E17B681A6980231B069A428E
:102E1C0004D07B681B69C14A934208D17B681A684D
:102E2C003B681B6819001000FFF78EFBC9E07B683C
:102E3C001A6E3B685B681F210B400F2199400B00F9
:102E4C00DB43134019003B681B685B035B0B05D12C
:102E5C003B681B689B0E1F22134098E03B681B6865
:102E6C000122134000D091E03B681B680222134002
:102E7C0000D089E03B681B680422134000D081E03D
:102E8C003B681B680822134000D079E03B681B6844
:102E9C001022134000D071E03B681B6820221340C5
:102EAC0000D069E03B681B684022134000D061E011
:102EBC003B681B688022134000D059E03B681A68BD
:102ECC0080235B00134051D13B681A6880239B0020
:102EDC00134049D13B681A688023DB00134041D171
:102EEC003B681A6880231B01134039D13B681A6870
:102EFC0080235B01134031D13B681A6880239B010E
:102F0C00134029D13B681A688023DB01134021D17F
:102F1C003B681A6880231B02134019D13B681A685E
:102F2C0080235B02134011D13B681A6880239B02FB
:102F3C00134009D13B681A688023DB02134001D08F
:102F4C00122324E0002322E0112320E010231EE0B2
:102F5C000F231CE00E231AE00D2318E00C2316E0BF
:102F6C000B2314E00A2312E0092310E008230EE0DF
:102F7C0007230CE006230AE0052308E0042306E0FF
:102F8C00032304E0022302E0012300E000233A685B
:102F9C0052681F20024093400A001A437B681A664D
:102FAC003B685B689B085A1C7B68DB699A4208D8B3
:102FBC007B6818683B6859683B681B681A00FFF708
:102FCC00A3FA7B6818683B6819683B689B681A0011
:102FDC00FFF7EAFA3B681B68002B00DBBCE0504BA8
:102FEC001800FFF73FFA03003B613B681B684D4A32
:102FFC00934222D13A6980231B0413401DD13B69B3
:10300C00802212041343464A19001000FFF716FAE7
:10301C00454B1B6845491800FDF780F803005A1C06
:10302C0013005B009B189B00FB6002E0FB68013BFC
:10303C00FB60FB68002BF9D18EE03B681B683C4AB7
:10304C0093420ED13A6980235B04134009D13B694A
:10305C00802252041343324A19001000FFF7EEF994
:10306C007AE03B681B68334A934200D074E03A69BB
:10307C008023DB03134000D06EE03B698022D20337
:10308C001343274A19001000FFF7D8F964E07B6856
:10309C001A6980231B069A4204D07B681B691F4A5D
:1030AC00934207D17B681A683B681B6819001000B3
:1030BC00FFF75BFA3B681B68002B4DDA184B1800C6
:1030CC00FFF7D0F903003B613B681B68154A93423C
:1030DC0008D13B69184A1340114A19001000FFF738
:1030EC00ADF939E03B681B68114A934208D13B6942
:1030FC00124A13400A4A19001000FFF79FF92BE0FF
:10310C003B681B680B4A934226D13B690C4A13401F
:10311C00034A19001000FFF791F91DE0040000802C
:10312C0008270140001000B0E4000020400D03000F
:10313C00004000B8002000B4FFFF7FFFFFFFFFFE40
:10314C00FFFFBFFF7B689B6D20221A437B689A654B
:10315C001723FB1801221A707B6854220021995402
:10316C001723FB181B781800BD4606B080BDC0465F
:10317C0080B584B000AF78600023BB607B681B68AF
:10318C001800FFF779FA031E00D069E07B681B6812
:10319C009B68364A13400DD07B689B6D10221A43F6
:1031AC007B689A657B68DB6D01221A437B68DA6564
:1031BC00012356E07B681B681800FFF739FA2C4B8B
:1031CC001800FFF74FF9020080231B0413400FD0A7
:1031DC00284B1B6828491800FCF7A0FF030001339B
:1031EC00BB6002E0BB68013BBB60BB68002BF9D144
:1031FC007B685B7E012B33D0FFF7F2F80300FB609A
:10320C0027E07B681B681800FFF736FA031E04D111
:10321C007B681B681800FFF70BFAFFF7E1F8020058
:10322C00FB68D31A022B14D97B681B681B6801221C
:10323C001340012B0DD07B689B6D10221A437B68C9
:10324C009A657B68DB6D01221A437B68DA65012382
:10325C0007E07B681B681B6801221340012BD0D14F
:10326C0000231800BD4604B080BDC0461700008086
:10327C0008270140E4000020400D030080B584B015
:10328C0000AF78607B689B6AFB60FB689B6D50228B
:10329C00134041D1FB689B6D802292001A43FB685E
:1032AC009A65FB681B681800FFF71DF9031E2ED0EA
:1032BC00FB689B7E002B2AD1FB681B681B680822CD
:1032CC001340082B23D1FB681B681800FFF7F8F993
:1032DC00031E10D1FB681B685A68FB681B680C2125
:1032EC008A435A60FB689B6D154A134001221A43AE
:1032FC00FB689A650BE0FB689B6D20221A43FB6808
:10330C009A65FB68DB6D01221A43FB68DA65FB6882
:10331C001800FFF735FD0FE0FB689B6D1022134082
:10332C0004D0FB681800FFF743FD05E0FB681B6D3C
:10333C005B6B7A6810009847C046BD4604B080BDF0
:10334C00FEFEFFFF80B584B000AF78607B689B6A9F
:10335C00FB60FB681800FFF71BFDC046BD4604B0C0
:10336C0080BD80B584B000AF78607B689B6AFB60E1
:10337C00FB689B6D40221A43FB689A65FB68DB6D0A
:10338C0004221A43FB68DA65FB681800FFF710FD8E
:10339C00C046BD4604B080BD80B582B000AF786039
:1033AC00C046BD4602B080BD80B582B000AF78602B
:1033BC00C046BD4602B080BD80B582B000AF78601B
:1033CC00C046BD4602B080BD80B582B000AF78600B
:1033DC00C046BD4602B080BD80B582B000AF7860FB
:1033EC00054A8023D25804497B68134380228B50B2
:1033FC00C046BD4602B080BD0018024080B582B008
:10340C0000AF7860064A8023D3587A68D2430449C7
:10341C00134080228B50C046BD4602B080BDC046D2
:10342C000018024080B582B000AF7860054A842352
:10343C00D25804497B68134384228B50C046BD4646
:10344C0002B080BD0018024080B582B000AF786039
:10345C00064A8423D3587A68D24304491340842201
:10346C008B50C046BD4602B080BDC046001802401D
:10347C0080B582B000AF7860044B1968034B7A6852
:10348C000A431A60C046BD4602B080BD0018024017
:10349C0080B582B000AF7860054B1A687B68D94361
:1034AC00034B0A401A60C046BD4602B080BDC04600
:1034BC000018024080B582B000AF7860044B5968A8
:1034CC00034B7A680A435A60C046BD4602B080BDC1
:1034DC000018024080B582B000AF7860054B5A6886
:1034EC007B68D943034B0A405A60C046BD4602B0C4
:1034FC0080BDC0460018024080B582B000AF786035
:10350C00034B7A681A61C046BD4602B080BDC04606
:10351C000018024080B582B000AF7860034B7A6827
:10352C00DA60C046BD4602B080BDC04600180240FD
:10353C0080B588B000AF78600023FB601F217B183A
:10354C0000221A707B68002B03D17B1801221A70A1
:10355C003DE17B681B681B68DB0FDA0780231B06C9
:10356C009A4204D11F23FB1801221A702FE17B68A9
:10357C0029229B5CDBB2002B0AD17B68282200211C
:10358C0099547B680022DA627B681800FEF760FBB6
:10359C007B681B681B6830221340BB617B685A69CF
:1035AC007B681B691A437B681B6A1A437B689B699F
:1035BC001A437B68DB691A437B68DB6813437B61C6
:1035CC007B681B681B68854A134019007B681B6865
:1035DC007A690A431A607B685A6880231B019A42F5
:1035EC000DD17F4B1A687E4B7E490A401A607C4B8A
:1035FC005A687B4B802109010A435A601FE07B68A3
:10360C005A68C0235B019A420DD1754B1A68744BF2
:10361C00802109010A431A60714B5A68704B714939
:10362C000A405A600BE06E4B1A686D4B6D490A40AC
:10363C001A606B4B5A686A4B6A490A405A607B683D
:10364C009B68A022D201934217D0A022D2019342B0
:10365C0030D8012B1FD08022D20193422AD1604B4B
:10366C001A685F4B8021C9010A431A605C4B5A6887
:10367C005B4B5D490A405A6029E0594B1A68584B1C
:10368C0059490A401A60564B5A68554B8021C9015A
:10369C000A435A601BE0524B1A68514B8021C901F6
:1036AC000A431A604E4B5A684D4B8021C9010A439C
:1036BC005A600CE04A4B1A68494B4B490A401A6055
:1036CC00474B5A68464B48490A405A60C0467B688B
:1036DC001B681B683022134016D0BB69002B13D11A
:1036EC00424B1B6842491800FCF718FD03005A1C9A
:1036FC0013009B009B189B00FB6002E0FB68013BE6
:10370C00FB60FB68002BF9D17B681B68344A934241
:10371C0002D180239B0201E08023DB023B617B68AA
:10372C005B6A0322134040D07B685B6A1022134013
:10373C0004D03B691800FFF79BFE03E03B691800BF
:10374C00FFF7A6FE7B685B6A2022134004D03B691E
:10375C001800FFF7AFFE03E03B691800FFF7BAFE55
:10376C003B691800FFF7D6FE3B691800FFF7C4FE53
:10377C007B685B6A0222134004D03B691800FFF798
:10378C0051FE03E03B691800FFF75EFE7B685B6A45
:10379C000122134004D03B691800FFF71DFE0CE01A
:1037AC003B691800FFF72AFE07E03B691800FFF79A
:1037BC004BFE3B691800FFF721FE7B6829229B5CBE
:1037CC00DBB2002B03D17B682922012199541F23E2
:1037DC00FB181B781800BD4608B080BD0F7400FEA6
:1037EC0000020140FFF7FFFFFFBFFFFFE4000020D6
:1037FC00400D030080B584B000AF78600023BB603F
:10380C000F217B1800221A707B68002B03D17B18C8
:10381C0001221A7035E07B681B681B68DB0FDA0726
:10382C0080231B069A4204D10F23FB1801221A7025
:10383C0027E07B6829229B5CDBB2012B1DD17B68C6
:10384C001B681A687B681B6801210A431A607B6835
:10385C002922022199540E4B1B680E491800FCF7C3
:10386C005DFC03000133DB00BB6002E0BB68013B85
:10387C00BB60BB68002BF9D103E00F23FB180122BE
:10388C001A700F23FB181B781800BD4604B080BDBE
:10389C00E4000020400D030080B582B000AF0200B0
:1038AC00FB1D1A70FB1D1B787F2B09D8FB1D1B7889
:1038BC001A001F231A40044B012191400A001A6080
:1038CC00C046BD4602B080BD00E100E090B583B0BB
:1038DC0000AF02003960FB1D1A70FB1D1B787F2B9B
:1038EC0028D82F4AFB1D1B785BB29B08C0339B006A
:1038FC009B58FA1D1278110003220A40D200FF21B6
:10390C0091400A00D2431A4011003B689B01FF22F0
:10391C001A40FB1D1B78180003230340DB009A4060
:10392C001F48FB1D1B785BB29B080A43C0339B00EE
:10393C001A5031E01B4AFB1D1B7819000F230B405A
:10394C00083B9B0806339B00D31804331B68FA1DF5
:10395C001278110003220A40D200FF2191400A0084
:10396C00D2431A4011003B689B01FF221A40FB1DF9
:10397C001B78180003230340DB009A400948FB1D09
:10398C001B781C000F232340083B9B080A4306337B
:10399C009B00C31804331A60C046BD4603B090BDEB
:1039AC0000E100E000ED00E080B582B000AF78608F
:1039BC007B685A1E80235B049A4201D3012310E0DA
:1039CC000A4B7A68013A5A6001235B4203211800C2
:1039DC00FFF77CFF054B00229A60044B07221A600C
:1039EC0000231800BD4602B080BDC04610E000E0C8
:1039FC0080B584B000AFB9607A600F217B18021CCF
:103A0C001A70BA687B181B785BB211001800FFF7AC
:103A1C005DFFC046BD4604B080BD80B582B000AF2E
:103A2C000200FB1D1A70FB1D1B785BB21800FFF720
:103A3C0033FFC046BD4602B080BD80B582B000AF3A
:103A4C0078607B681800FFF7AFFF03001800BD46D5
:103A5C0002B080BD80B582B000AF78607B68002B6F
:103A6C0001D1012315E07B681B79DBB2002B06D159
:103A7C007B6800225A717B681800FEF71FF97B687F
:103A8C0002221A717B6800221A617B6801221A716A
:103A9C0000231800BD4602B080BD80B582B000AFD7
:103AAC00786039607B68002B01D1012347E07B688B
:103ABC005B79012B01D1022341E07B6801225A7111
:103ACC007B6802221A717B681B6819683B6810229C
:103ADC00134001229A407B681B680A431A603B68BA
:103AEC00002B0FD17B681B681B683E221340022BF6
:103AFC001ED17B681B685A687B681B6801210A43CE
:103B0C005A6015E07B681B681A68F8239B031A40FF
:103B1C003B6810210B40022199400B009A4207D1BF
:103B2C007B681B685A687B681B6802210A435A60D1
:103B3C007B6801221A717B6800225A7100231800DD
:103B4C00BD4602B080BD000080B584B000AF786087
:103B5C007B681B681B68FB607B681B685B6BBB60CE
:103B6C00FA6880239B0113401ED0BA6880239B0106
:103B7C00134019D07B6804221A717B681B690122DF
:103B8C001A437B681A617B681B68802292015A6316
:103B9C007B681B681A687B681B6817490A401A60A7
:103BAC007B68180000F053F8FA6880239B051340DB
:103BBC001ED0BA6880239B05134019D07B68042261
:103BCC001A717B681B6902221A437B681A617B6835
:103BDC001B68802292055A637B681B681A687B6895
:103BEC001B6806490A401A607B68180000F068F9E7
:103BFC00C046BD4604B080BDFFEFFFFFFFFFFFEFE7
:103C0C0080B586B000AFF860B9607A603B60002385
:103C1C007B61FB68002B01D1012314E0FB681B685E
:103C2C007B61BB68002B05D17A697B68D31808339C
:103C3C007B6104E07A697B68D31814337B617B6900
:103C4C003A681A6000231800BD4606B080BD80B5E6
:103C5C0082B000AF7860C046BD4602B080BD0000A7
:103C6C0080B588B000AFF860B9607A601F23FB188C
:103C7C0000221A70FB68002B02D0BB68002B01D10C
:103C8C00012315E1FB685B79012B01D102230FE1C4
:103C9C00FB6801225A71FB6802221A71BB681B680F
:103CAC00042B00D07AE0FEF79BFB0300BB617B6822
:103CBC00002B3DD118E0FEF793FB0200BB69D31A31
:103CCC00012B11D9FB681B685A6B80231B02134014
:103CDC000AD0FB681B6908221A43FB681A61FB684F
:103CEC0003221A710323E3E0FB681B685A6B8023E1
:103CFC001B021340DFD1FB681B68BA6892691A6417
:103D0C0020E0FEF76DFB0200BB69D31A012B0FD923
:103D1C00FB681B685B6B002B0ADAFB681B690822CB
:103D2C001A43FB681A61FB6803221A710323BFE074
:103D3C00FB681B685B6B002BE3DBFB681B68BA68DA
:103D4C0092695A64FB681B689B6C7A6810210A4064
:103D5C00594991400A00D2431A401100BB68DA69F4
:103D6C007B68102003409A40FB681B680A439A64E6
:103D7C00FB681B68DB6C7A6810210A40FF219140BC
:103D8C000A00D2431A401100BB681A6A7B681020E3
:103D9C0003409A40FB681B680A43DA64BB681B69E2
:103DAC00012B1DD1FB681B689B6B7B617B68102210
:103DBC0013401F229A401300DA437B6913407B6146
:103DCC00BB685B693B617B68102213403A699A407F
:103DDC0013007A6913437B61FB681B687A699A63E9
:103DEC00FB681B68DB6B7B617B681022134007222E
:103DFC009A401300DA437B6913407B61BB681A68F5
:103E0C00BB689B681A43BB68DB6813433B617B68E8
:103E1C00102213403A699A4013007A6913437B616C
:103E2C00FB681B687A69DA63FB681B681A687B6835
:103E3C0010210B408021C90199400B00D943FB682C
:103E4C001B680A401A60FB681B681B687B617B68F7
:103E5C0010221340194A9A401300DA437B6913402D
:103E6C007B61BB685B683B617B68102213403A69DD
:103E7C009A4013007A6913437B61FB681B687A696B
:103E8C001A60FB681B681A687B6810210B40C02104
:103E9C0099400B00D943FB681B680A401A60FB6809
:103EAC0001221A71FB6800225A711F23FB181B7820
:103EBC001800BD4608B080BDFF030000FE0F0000D7
:103ECC0080B582B000AF7860C046BD4602B080BD00
:103EDC0080B582B000AF78607B68002B01D10123E4
:103EEC0077E07B681B683D4A9446634414211800B4
:103EFC00FCF714F903009A007B681A647B6825228E
:103F0C00022199547B681B681A687B681B683449CA
:103F1C000A401A607B681B6819687B689A687B6822
:103F2C00DB681A437B681B691A437B685B691A431D
:103F3C007B689B691A437B68DB691A437B681B6A45
:103F4C001A437B681B680A431A607B68180000F0F0
:103F5C008DFA7B689A688023DB019A4202D17B68D8
:103F6C0000225A607B685A687B685B6C3F210A4070
:103F7C001A607B689B6C7A68D26C5A607B685B6851
:103F8C00002B11D07B685B68042B0DD87B68180064
:103F9C0000F098FA7B681B6D00221A607B685B6DE1
:103FAC007A68926D5A6008E07B6800221A657B681B
:103FBC0000225A657B6800229A657B680022DA63CE
:103FCC007B682522012199547B6824220021995475
:103FDC0000231800BD4602B080BDC046F8FFFDBFEF
:103FEC000F80FFFF80B586B000AFF860B9607A60D3
:103FFC003B601723FB1800221A70FB6824229B5C81
:10400C00012B01D102236FE0FB682422012199547A
:10401C00FB6825229B5CDBB2012B57D1FB68252268
:10402C0002219954FB680022DA63FB681B681A684A
:10403C00FB681B6801218A431A603B687A68B9687F
:10404C00F86800F0D3F9FB681B6B002B08D0FB68F9
:10405C001B681A68FB681B680E210A431A600FE084
:10406C00FB681B681A68FB681B6804218A431A608A
:10407C00FB681B681A68FB681B680A210A431A60F4
:10408C00FB685B6C1A6880235B02134008D0FB68EA
:10409C005B6C1A68FB685B6C802149000A431A60F0
:1040AC00FB681B6D002B08D0FB681B6D1A68FB6846
:1040BC001B6D802149000A431A60FB681B681A6853
:1040CC00FB681B6801210A431A600AE0FB68802226
:1040DC00DA63FB682422002199541723FB18012270
:1040EC001A701723FB181B781800BD4606B080BD4C
:1040FC0080B582B000AF78607B68002B01D10123C2
:10410C0050E07B6825229B5CDBB2022B08D07B68DD
:10411C000422DA637B68242200219954012341E0B4
:10412C007B681B681A687B681B680E218A431A60BF
:10413C007B685B6C1A687B685B6C1C490A401A6074
:10414C007B681B681A687B681B6801218A431A60AC
:10415C00174B59687B681B6C1C22134001229A4038
:10416C00134B0A435A607B689B6C7A68D26C5A601A
:10417C007B681B6D002B0CD07B681B6D1A687B68F1
:10418C001B6D0A490A401A607B685B6D7A68926DF8
:10419C005A607B682522012199547B6824220021D6
:1041AC00995400231800BD4602B080BDFFFEFFFFEE
:1041BC000000024080B584B000AF78600F217B18FE
:1041CC0000221A707B6825229B5CDBB2022B06D086
:1041DC007B680422DA637B1801221A7049E07B6841
:1041EC001B681A687B681B680E218A431A607B68FF
:1041FC001B681A687B681B6801218A431A607B68FC
:10420C005B6C1A687B685B6C1D490A401A601D4B1D
:10421C0059687B681B6C1C22134001229A40194B75
:10422C000A435A607B689B6C7A68D26C5A607B68D4
:10423C001B6D002B0CD07B681B6D1A687B681B6D8B
:10424C000F490A401A607B685B6D7A68926D5A6000
:10425C007B682522012199547B68242200219954E2
:10426C007B689B6B002B04D07B689B6B7A6810007F
:10427C0098470F23FB181B781800BD4604B080BD6F
:10428C00FFFEFFFF0000024080B584B000AF7860F5
:10429C00554B1B68FB607B681B681B68BB607B68AD
:1042AC001B6C1C22134004229A401300FA68134022
:1042BC0027D0BB680422134023D07B681B681B6883
:1042CC002022134007D17B681B681A687B681B6827
:1042DC0004218A431A60444B59687B681B6C1C226E
:1042EC00134004229A40404B0A435A607B681B6B74
:1042FC00002B00D173E07B681B6B7A681000984729
:10430C006DE07B681B6C1C22134002229A40130048
:10431C00FA6813402ED0BB68022213402AD07B6867
:10432C001B681B68202213400BD17B681B681A6822
:10433C007B681B680A218A431A607B68252201214D
:10434C009954294B59687B681B6C1C221340022220
:10435C009A40254B0A435A607B68242200219954C9
:10436C007B68DB6A002B3AD07B68DB6A7A681000CA
:10437C00984734E07B681B6C1C22134008229A403F
:10438C001300FA6813402BD0BB680822134027D0C7
:10439C007B681B681A687B681B680E218A431A604D
:1043AC00114B59687B681B6C1C22134001229A40EC
:1043BC000D4B0A435A607B680122DA637B68252225
:1043CC00012199547B682422002199547B685B6BF2
:1043DC00002B05D07B685B6B7A6810009847C04651
:1043EC00C046BD4604B080BD0000024080B584B01C
:1043FC0000AFF860B9607A603B60FB689B6CFA6850
:10440C00D26C5A60FB681B6D002B04D0FB685B6D93
:10441C00FA68926D5A60144B5968FB681B6C1C222D
:10442C00134001229A40104B0A435A60FB681B68E8
:10443C003A685A60FB689B68102B08D1FB681B68B4
:10444C007A689A60FB681B68BA68DA6007E0FB68F8
:10445C001B68BA689A60FB681B687A68DA60C046A9
:10446C00BD4604B080BDC0460000024080B584B09B
:10447C0000AF78607B681B6C9B08104A94466344C1
:10448C009B001A007B685A647B681B681A00FF2328
:10449C001340083B14211800FBF740FE0300FB609F
:1044AC007B68074A9A64FB681F22134001229A40DA
:1044BC007B68DA64C046BD4604B080BD0082001043
:1044CC008008024080B584B000AF78607B685B6880
:1044DC003F221340FB60FB680A4A944663449B00EE
:1044EC001A007B681A657B68074A5A65FB68013BB2
:1044FC000322134001229A407B689A65C046BD4650
:10450C0004B080BD3F8200104009024080B586B0E7
:10451C0000AF7860396000237B6147E13B681B6822
:10452C0001217A6991400A001340FB60FB68002B63
:10453C0000D138E13B685B6803221340012B05D0A6
:10454C003B685B6803221340022B30D17B689B686D
:10455C003B617B695B0003229A401300DA433B69A1
:10456C0013403B613B68DA687B695B009A4013003F
:10457C003A6913433B617B683A699A607B685B6874
:10458C003B6101227B699A401300DA433B6913407B
:10459C003B613B685B681B0901221A407B699A40AE
:1045AC0013003A6913433B617B683A695A603B6874
:1045BC005B6803221340032B17D07B68DB683B61DD
:1045CC007B695B0003229A401300DA433B6913407A
:1045DC003B613B689A687B695B009A4013003A69BF
:1045EC0013433B617B683A69DA603B685B68032282
:1045FC001340022B23D17B69DA087B6808329200C6
:10460C00D3583B617B69072213409B000F229A40D1
:10461C001300DA433B6913403B613B681A697B69C1
:10462C0007210B409B009A4013003A6913433B61EE
:10463C007B69DA087B68083292003969D1507B6853
:10464C001B683B617B695B0003229A401300DA43D1
:10465C003B6913403B613B685B6803221A407B69F2
:10466C005B009A4013003A6913433B617B683A69DB
:10467C001A603B685A68C0239B02134000D192E039
:10468C00504A7B699B0818339B009B583B617B69A4
:10469C0003221340DB000F229A401300DA433B69DC
:1046AC0013403B617A68A023DB059A4213D07B68E8
:1046BC00454A93420DD07B68444A934207D07B68AD
:1046CC00434A934201D1032306E0052304E002236D
:1046DC0002E0012300E000237A6903210A40D200A2
:1046EC0093403A6913433B6136497B699B08183305
:1046FC009B003A695A50334B1B683B61FB68DA43A9
:10470C003B6913403B613B685A6880235B03134051
:10471C0003D03A69FB6813433B612A4B3A691A6030
:10472C00284B5B683B61FB68DA433B6913403B6198
:10473C003B685A6880239B03134003D03A69FB689B
:10474C0013433B611F4B3A695A601E4A8423D3586A
:10475C003B61FB68DA433B6913403B613B685A6839
:10476C0080239B02134003D03A69FB6813433B61DF
:10477C00144984223B698B50124A8023D3583B61E5
:10478C00FB68DA433B6913403B613B685A68802302
:10479C005B02134003D03A69FB6813433B61094940
:1047AC0080223B698B507B6901337B613B681A68C3
:1047BC007B69DA40131E00D0B0E6C046C046BD4649
:1047CC0006B080BD001802400004005000080050E4
:1047DC00000C005080B584B000AF78600A00BB1CA0
:1047EC001A807B681B69BA1C1288134004D00F23F3
:1047FC00FB1801221A7003E00F23FB1800221A7019
:10480C000F23FB181B781800BD4604B080BD80B583
:10481C0082B000AF786008001100BB1C021C1A802B
:10482C007B1C0A1C1A707B1C1B78002B04D0BB1C35
:10483C001A887B689A6103E0BB1C1A887B689A62B1
:10484C00C046BD4602B080BD80B584B000AF786074
:10485C000A00BB1C1A807B685B69FB60BB1C1B8855
:10486C00FA6813401A04FB68DB43B91C09880B4037
:10487C001A437B689A61C046BD4604B080BD0000F7
:10488C0080B582B000AF78607B68002B01D101232A
:10489C008FE07B6841229B5CDBB2002B07D17B68ED
:1048AC004022002199547B681800FDF727FA7B6899
:1048BC004122242199547B681B681A687B681B6809
:1048CC0001218A431A607B685A687B681B683B49E4
:1048DC000A401A617B681B689A687B681B683849B8
:1048EC000A409A607B68DB68012B08D17B689A6868
:1048FC007B681B68802109020A439A6007E07B6889
:10490C009A687B681B68842109020A439A607B6859
:10491C00DB68022B09D17B681B685A687B681B68B3
:10492C00802109010A435A6007E07B681B685A68BA
:10493C007B681B6823490A405A607B681B685A686D
:10494C007B681B6820490A435A607B681B68DA68DD
:10495C007B681B681A490A40DA607B681A697B68B5
:10496C005B691A4311007B689B691A027B681B68A0
:10497C000A43DA607B68D9697B681A6A7B681B68B2
:10498C000A431A607B681B681A687B681B680121E4
:10499C000A431A607B6800225A647B6841222021FA
:1049AC0099547B6800221A637B6842220021995437
:1049BC0000231800BD4602B080BDC046FFFFFFF0CB
:1049CC00FF7FFFFFFFF7FFFF0080000280B582B082
:1049DC0000AF786039607B6841229B5CDBB2202B96
:1049EC0038D17B6840229B5C012B01D1022332E041
:1049FC007B684022012199547B68412224219954DF
:104A0C007B681B681A687B681B6801218A431A60E3
:104A1C007B681B681A687B681B6811490A401A601E
:104A2C007B681B6819687B681B683A680A431A60C4
:104A3C007B681B681A687B681B6801210A431A6033
:104A4C007B684122202199547B6840220021995493
:104A5C00002300E002231800BD4602B080BDC04612
:104A6C00FFEFFFFF80B584B000AF786039607B68E2
:104A7C0041229B5CDBB2202B39D17B6840229B5CB2
:104A8C00012B01D1022333E07B6840220121995490
:104A9C007B684122242199547B681B681A687B68C7
:104AAC001B6801218A431A607B681B681B68FB60CA
:104ABC00FB68114A1340FB603B681B02FA68134306
:104ACC00FB607B681B68FA681A607B681B681A6855
:104ADC007B681B6801210A431A607B6841222021F4
:104AEC0099547B68402200219954002300E0022352
:104AFC001800BD4604B080BDFFF0FFFF80B584B048
:104B0C0000AF7860194B1B68194A13401900174BFA
:104B1C007A680A431A607A6880239B009A421FD1F4
:104B2C00144B1A6813005B009B185B0012491800A9
:104B3C00FBF7F4FA03000133FB6008E0FB68002B81
:104B4C0003D0FB68013BFB6001E0032309E0074B4A
:104B5C005A698023DB001A408023DB009A42EDD097
:104B6C0000231800BD4604B080BDC0460070004054
:104B7C00FFF9FFFFE400002040420F0080B500AFBA
:104B8C00034B9A68E023DB0113401800BD4680BD3F
:104B9C000010024080B588B000AF78607B68002BB5
:104BAC0001D10123FEE27B681B680122134000D176
:104BBC007CE0C34B9B6838221340BB61C04BDB6865
:104BCC00032213407B61BB69102B02D17B69032B41
:104BDC0002D0BB69082B0BD1B94B1A6880239B02FE
:104BEC00134062D07B685B68002B5ED10123D9E255
:104BFC007B685A6880235B029A4207D1B04B1A68D3
:104C0C00AF4B802149020A431A6020E07B685A6846
:104C1C00A023DB029A420ED1A94B1A68A84B802123
:104C2C00C9020A431A60A64B1A68A54B8021490297
:104C3C000A431A600BE0A24B1A68A14BA1490A4027
:104C4C001A609F4B1A689E4B9F490A401A607B68FA
:104C5C005B68002B14D0FDF7C3FB03003B6108E03D
:104C6C00FDF7BEFB02003B69D31A642B01D9032369
:104C7C0098E2934B1A6880239B021340F0D015E006
:104C8C00FDF7AEFB03003B6108E0FDF7A9FB02005A
:104C9C003B69D31A642B01D9032383E2884B1A682E
:104CAC0080239B021340F0D100E0C0467B681B6858
:104CBC000222134000D199E0814B9B6838221340AB
:104CCC00BB617F4BDB68032213407B61BB69102BFC
:104CDC0002D17B69022B02D0BB69002B35D1784BFA
:104CEC001A688023DB00134005D07B68DB68002B3F
:104CFC0001D1012356E2724B5B68744A13401900D0
:104D0C007B685B691A026E4B0A435A60BB69002BC5
:104D1C0012D16B4B1B686E4A134019007B681A69E1
:104D2C00674B0A431A60664B1B68DB0A0722134069
:104D3C00684ADA40684B1A60684B1B681800FDF72C
:104D4C00F3FA031E51D001232CE27B68DB68002BA5
:104D5C0030D05B4B1B685E4A134019007B681A69A4
:104D6C00574B0A431A60564B1A68554B8021490021
:104D7C000A431A60FDF734FB03003B6108E0FDF7C2
:104D8C002FFB02003B69D31A022B01D9032309E242
:104D9C004B4B1A688023DB001340F0D0484B5B6808
:104DAC004A4A134019007B685B691A02444B0A4358
:104DBC005A601BE0424B1A68414B49490A401A6041
:104DCC00FDF70EFB03003B6108E0FDF709FB020059
:104DDC003B69D31A022B01D90323E3E1384B1A6840
:104DEC008023DB001340F0D100E0C0467B681B68D9
:104DFC000822134047D0324B9B6838221340182BA3
:104E0C000AD12F4B1B6E022213403CD07B689B694E
:104E1C00002B38D10123C5E17B689B69002B19D08D
:104E2C00274B1A6E264B01210A431A66FDF7D8FA56
:104E3C0003003B6108E0FDF7D3FA02003B69D31A8B
:104E4C00022B01D90323ADE11D4B1B6E0222134033
:104E5C00F1D018E01A4B1A6E194B01218A431A66CD
:104E6C00FDF7BEFA03003B6108E0FDF7B9FA02005A
:104E7C003B69D31A022B01D9032393E1104B1B6E10
:104E8C0002221340F1D17B681B680422134000D12D
:104E9C00C6E01F23FB1800221A70094B9B683822AE
:104EAC001340202B1ED1064BDB6D0222134000D188
:104EBC00B6E07B689B68002B00D0B1E0012371E168
:104ECC0000100240FFFFFEFFFFFFFBFFFF80FFFF14
:104EDC00FFC7FFFF0024F400E4000020E8000020DE
:104EEC00FFFEFFFFB14BDA6B80235B05134001D152
:104EFC00012300E00023002B11D0AC4BDA6BAB4B41
:104F0C00802149050A43DA63A84BDA6B80235B05E1
:104F1C001340FB60FB681F23FB1801221A70A44B83
:104F2C001A6880235B0013401AD1A14B1A68A04B5E
:104F3C00802149000A431A60FDF752FA03003B61D5
:104F4C0008E0FDF74DFA02003B69D31A022B01D998
:104F5C00032327E1964B1A6880235B001340F0D0A3
:104F6C007B689B68012B06D1904BDA6D8F4B01212E
:104F7C000A43DA651CE07B689B68052B0CD18B4BD4
:104F8C00DA6D8A4B04210A43DA65884BDA6D874B5C
:104F9C0001210A43DA650BE0844BDA6D834B012166
:104FAC008A43DA65814BDA6D804B04218A43DA65DA
:104FBC007B689B68002B14D0FDF712FA03003B6151
:104FCC0009E0FDF70DFA02003B69D31A794A9342C6
:104FDC0001D90323E6E0754BDB6D02221340F0D0C0
:104FEC0013E0FDF7FDF903003B6109E0FDF7F8F96B
:104FFC0002003B69D31A6F4A934201D90323D1E0D3
:10500C006A4BDB6D02221340F0D11F23FB181B7877
:10501C00012B05D1654BDA6B644B67490A40DA63A7
:10502C007B68DB69002B00D1BBE0604B9B683822AE
:10503C001340102B00D17BE07B68DB69022B56D12F
:10504C005A4B1A68594B5D490A401A60FDF7C8F96A
:10505C0003003B6108E0FDF7C3F902003B69D31A7A
:10506C00022B01D903239DE0504B1A6880239B042B
:10507C001340F0D14D4BDB68514A134019007B684B
:10508C001A6A7B685B6A1A437B689B6A1B021A4329
:10509C007B68DB6A1A437B681B6B1A437B685B6B10
:1050AC001A43424B0A43DA60404B1A683F4B80214B
:1050BC0049040A431A603D4BDA683C4B8021490590
:1050CC000A43DA60FDF78CF903003B6108E0FDF759
:1050DC0087F902003B69D31A022B01D9032361E043
:1050EC00324B1A6880239B041340F0D059E02F4BAD
:1050FC001A682E4B31490A401A60FDF771F903000A
:10510C003B6108E0FDF76CF902003B69D31A022BF6
:10511C0001D9032346E0254B1A6880239B041340D6
:10512C00F0D1224BDA68214B26490A40DA6038E08C
:10513C007B68DB69012B01D1012333E01B4BDB685E
:10514C007B617B6903221A407B681B6A9A4226D1D9
:10515C007B6970221A407B685B6A9A421FD17A691C
:10516C00FE23DB011A407B689B6A1B029A4216D114
:10517C007A69F8239B031A407B68DB6A9A420ED14A
:10518C007A69E0231B051A407B681B6B9A4206D197
:10519C007B695B0F5A077B685B6B9A4201D00123DA
:1051AC0000E000231800BD4608B080BD001002408E
:1051BC000070004088130000FFFFFFEFFFFFFFFEB1
:1051CC008C80C111FCFFFEEE80B584B000AF78601E
:1051DC0039607B68002B01D10123E9E0764B1B6819
:1051EC00072213403A689A421ED9734B1B68072258
:1051FC0093431900704B3A680A431A60FDF7F0F8B4
:10520C000300FB6009E0FDF7EBF80200FB68D31A22
:10521C006A4A934201D90323CAE0674B1B680722F1
:10522C0013403A689A42EED17B681B680222134005
:10523C0015D07B681B680422134006D0604B9A681B
:10524C005F4BE021C9010A439A605D4B9B685D4A44
:10525C00134019007B689A68594B0A439A607B6823
:10526C001B680122134057D07B685B68012B07D168
:10527C00534B1A6880239B0213402BD1012397E0D8
:10528C007B685B68022B07D14D4B1A6880239B040B
:10529C0013401FD101238BE07B685B68002B07D187
:1052AC00474B1A688023DB00134013D101237FE0A6
:1052BC007B685B68032B06D1414B1B6E02221340AB
:1052CC0008D1012374E03E4BDB6D0222134001D167
:1052DC0001236DE03A4B9B680722934319007B68CE
:1052EC005A68374B0A439A60FDF77AF80300FB6063
:1052FC0009E0FDF775F80200FB68D31A2F4A9342B8
:10530C0001D9032354E02E4B9B6838221A407B684A
:10531C005B68DB009A42ECD1274B1B6807221340D9
:10532C003A689A421ED2244B1B68072293431900F9
:10533C00214B3A680A431A60FDF752F80300FB60F0
:10534C0009E0FDF74DF80200FB68D31A1B4A9342A3
:10535C0001D903232CE0184B1B68072213403A6831
:10536C009A42EED17B681B680422134009D0144B7F
:10537C009B68154A134019007B68DA68104B0A4386
:10538C009A6000F029F801000D4B9B681B0A0F2254
:10539C001A400E4B9200D3581F2213400A00DA40D9
:1053AC000B4B1A600B4B1B681800FCF7BDFF03007E
:1053BC001800BD4604B080BD0020024088130000D8
:1053CC0000100240FFF0FFFFFF8FFFFF4CA600080C
:1053DC00E4000020E800002080B586B000AF3C4B14
:1053EC009B68382213400FD1394B1B68DB0A07220C
:1053FC00134001229A4013003B6039683548FAF794
:10540C008DFE03003B615DE0314B9B6838221340FD
:10541C00082B02D1304B3B6154E02D4B9B6838225A
:10542C001340102B38D12A4BDB6803221340FB604E
:10543C00274BDB681B09072213400133BB60FB6859
:10544C00032B0DD1B9682448FAF768FE0300190044
:10545C001F4BDB681B0A7F2213404B437B610DE023
:10546C00B9681C48FAF75AFE03001900184BDB68A0
:10547C001B0A7F2213404B437B61C046144BDB68F5
:10548C005B0F0722134001337B6079687869FAF768
:10549C0045FE03003B6115E00D4B9B683822134021
:1054AC00202B03D180231B023B610BE0084B9B6834
:1054BC0038221340182B03D1FA23DB013B6101E0A6
:1054CC0000233B613B691800BD4606B080BDC04659
:1054DC00001002400024F40000127A0080B500AFE6
:1054EC00024B1B681800BD4680BDC046E40000207E
:1054FC00B0B500AFFFF7F2FF0400FFF73FFB03006E
:10550C001A0B054B9200D3581F221340DC4023008A
:10551C001800BD46B0BDC0468CA6000880B586B04C
:10552C0000AF78601323FB1800221A701223FB18AB
:10553C0000221A707B681A6880239B02134000D1EA
:10554C00A3E011203B1800221A70C34BDA6B8023A6
:10555C005B05134010D1C04BDA6BBF4B8021490562
:10556C000A43DA63BC4BDA6B80235B051340BB60E8
:10557C00BB683B1801221A70B84B1A68B74B8021D4
:10558C0049000A431A60FCF72BFF0300FB600BE099
:10559C00FCF726FF0200FB68D31A022B04D9132355
:1055AC00FB1803221A7005E0AC4B1A6880235B00D1
:1055BC001340EDD01323FB181B78002B54D1A64BB2
:1055CC00DA6DC0239B0013407B617B69002B19D0E3
:1055DC007B681B6B7A699A4214D09F4BDB6DA04A97
:1055EC0013407B619C4BDA6D9B4B802149020A4333
:1055FC00DA65994BDA6D984B9A490A40DA65964B05
:10560C007A69DA657B690122134016D0FCF7E8FE53
:10561C000300FB600CE0FCF7E3FE0200FB68D31A0E
:10562C00914A934204D91323FB1803221A7004E005
:10563C00894BDB6D02221340EDD01323FB181B7832
:10564C00002B0AD1844BDB6D854A134019007B6813
:10565C001A6B814B0A43DA650CE01223FB181322F8
:10566C00BA1812781A7005E01223FB181322BA1814
:10567C0012781A701123FB181B78012B05D1764B6D
:10568C00DA6B754B79490A40DA637B681B68012237
:10569C00134009D0704B5B6D0322934319007B6858
:1056AC005A686D4B0A435A657B681B68022213408B
:1056BC0009D0694B5B6D0C22934319007B689A6887
:1056CC00654B0A435A657B681B681022134009D04E
:1056DC00614B5B6D664A134019007B68DA685E4B60
:1056EC000A435A657B681A6880239B00134009D0D3
:1056FC00594B5B6D5F4A134019007B689A69564B96
:10570C000A435A657B681A688023DB00134009D072
:10571C00514B5B6D584A134019007B68DA694E4B4C
:10572C000A435A657B681B682022134009D04A4BF8
:10573C005B6D524A134019007B681A69464B0A4349
:10574C005A657B681A688023DB01134015D0424BE5
:10575C005B6D9B0099087B681A6A3F4B0A435A653C
:10576C007B681A6A8023DB059A4206D13A4BDA68C9
:10577C00394B802149020A43DA607B681A6880231E
:10578C001B03134009D0344B5B6D4022934319002B
:10579C007B685A6A304B0A435A657B681A688023C7
:1057AC009B03134016D02C4B5B6D354A13401900EC
:1057BC007B689A6A284B0A435A657B689A6A8023ED
:1057CC00DB039A4206D1244BDA68234B802149042F
:1057DC000A43DA607B681A688023DB03134016D017
:1057EC001D4B5B6D274A134019007B68DA6A1A4B14
:1057FC000A435A657B68DA6A80235B049A4206D1B5
:10580C00154BDA68144B802149040A43DA607B6833
:10581C001A6880231B01134016D00F4B5B6D1A4A7C
:10582C00134019007B685A690B4B0A435A657B6815
:10583C005A698023DB019A4206D1074BDA68064B82
:10584C00802149020A43DA601223FB181B781800E6
:10585C00BD4606B080BDC04600100240007000403E
:10586C00FFFCFFFFFFFFFEFF88130000FFFFFFEFB1
:10587C00FFF3FFFFFFFFF3FFFFFFCFFFFFCFFFFFA4
:10588C00FFFFBFFFFFFFFFFEFF3FFFFF80B582B0B2
:10589C0000AF78607B68002B01D101234AE07B6864
:1058AC003D229B5CDBB2002B07D17B683C220021A4
:1058BC0099547B681800FCF7EDFA7B683D220221B5
:1058CC0099547B681A687B6804331900100001F046
:1058DC00CBF87B684822012199547B683E22012138
:1058EC0099547B683F22012199547B684022012105
:1058FC0099547B684122012199547B6842220121F1
:10590C0099547B684322012199547B6844220121DC
:10591C0099547B684522012199547B6846220121C8
:10592C0099547B684722012199547B683D220121BF
:10593C00995400231800BD4602B080BD80B584B0D8
:10594C0000AF78607B683D229B5CDBB2012B01D001
:10595C00012342E07B683D22022199547B681B683D
:10596C00DA687B681B6801210A43DA607B681B6874
:10597C001C4A93420FD07B681A688023DB059A423D
:10598C0009D07B681B68184A934204D07B681B685B
:10599C00164A934216D17B681B689B68144A1340C5
:1059AC00FB60FB68062B16D0FA6880235B029A42D8
:1059BC0011D07B681B681A687B681B6801210A433D
:1059CC001A6008E07B681B681A687B681B680121F9
:1059DC000A431A6000E0C04600231800BD4604B01C
:1059EC0080BDC046002C0140000400400040014036
:1059FC000700010080B582B000AF78607B68002B97
:105A0C0001D101234AE07B683D229B5CDBB2002B79
:105A1C0007D17B683C22002199547B681800FCF765
:105A2C00B9F97B683D22022199547B681A687B681E
:105A3C0004331900100001F017F87B68482201218B
:105A4C0099547B683E22012199547B683F220121A5
:105A5C0099547B684022012199547B684122012191
:105A6C0099547B684222012199547B68432201217D
:105A7C0099547B684422012199547B684522012169
:105A8C0099547B684622012199547B684722012155
:105A9C0099547B683D220121995400231800BD467E
:105AAC0002B080BD80B584B000AF786039603B68CF
:105ABC00002B08D17B683E229B5CDBB2013B5A1E5B
:105ACC009341DBB237E03B68042B08D17B683F2263
:105ADC009B5CDBB2013B5A1E9341DBB22BE03B6873
:105AEC00082B08D17B6840229B5CDBB2013B5A1E21
:105AFC009341DBB21FE03B680C2B08D17B68412241
:105B0C009B5CDBB2013B5A1E9341DBB213E03B685A
:105B1C00102B08D17B6842229B5CDBB2013B5A1EE6
:105B2C009341DBB207E07B6843229B5CDBB2013B19
:105B3C005A1E9341DBB2002B01D001238BE03B6852
:105B4C00002B04D17B683E220221995423E03B6850
:105B5C00042B04D17B683F22022199541BE03B6843
:105B6C00082B04D17B6840220221995413E03B6836
:105B7C000C2B04D17B684122022199540BE03B6829
:105B8C00102B04D17B6842220221995403E07B68DC
:105B9C004322022199547B681B6839680122180042
:105BAC0001F0EEFC7B681B682D4A93420ED07B689B
:105BBC001B682C4A934209D07B681B682A4A934283
:105BCC0004D07B681B68294A934201D1012300E071
:105BDC000023002B08D07B681B685A6C7B681B6801
:105BEC00802109020A435A647B681B681C4A934251
:105BFC000FD07B681A688023DB059A4209D07B683A
:105C0C001B681B4A934204D07B681B68154A93425D
:105C1C0016D17B681B689B68164A1340FB60FB68B7
:105C2C00062B16D0FA6880235B029A4211D07B684F
:105C3C001B681A687B681B6801210A431A6008E01C
:105C4C007B681B681A687B681B6801210A431A6011
:105C5C0000E0C04600231800BD4604B080BDC0461D
:105C6C00002C01400040014000440140004801402C
:105C7C00000400400700010080B582B000AF7860DE
:105C8C007B68002B01D101234AE07B683D229B5CA1
:105C9C00DBB2002B07D17B683C22002199547B6836
:105CAC001800FCF7ADF87B683D22022199547B6803
:105CBC001A687B6804331900100000F0D5FE7B686D
:105CCC004822012199547B683E22012199547B681A
:105CDC003F22012199547B684022012199547B6811
:105CEC004122012199547B684222012199547B68FD
:105CFC004322012199547B684422012199547B68E9
:105D0C004522012199547B684622012199547B68D4
:105D1C004722012199547B683D220121995400238B
:105D2C001800BD4602B080BD80B584B000AF78606D
:105D3C0039603B68002B04D17B683E229B5CDBB254
:105D4C0023E03B68042B04D17B683F229B5CDBB2D5
:105D5C001BE03B68082B04D17B6840229B5CDBB2C8
:105D6C0013E03B680C2B04D17B6841229B5CDBB2BB
:105D7C000BE03B68102B04D17B6842229B5CDBB2AE
:105D8C0003E07B6843229B5CDBB20F22BA181370D2
:105D9C003B68002B04D17B6844229B5CDBB213E094
:105DAC003B68042B04D17B6845229B5CDBB20BE087
:105DBC003B68082B04D17B6846229B5CDBB203E07A
:105DCC007B6847229B5CDBB20E217A1813700F2381
:105DDC00FB181B78012B03D17B181B78012B01D0EE
:105DEC00012385E03B68002B04D17B683E22022115
:105DFC00995423E03B68042B04D17B683F22022199
:105E0C0099541BE03B68082B04D17B68402202218B
:105E1C00995413E03B680C2B04D17B68412202217E
:105E2C0099540BE03B68102B04D17B684222022171
:105E3C00995403E07B684322022199543B68002B60
:105E4C0004D17B6844220221995413E03B68042B53
:105E5C0004D17B684522022199540BE03B68082B46
:105E6C0004D17B6846220221995403E07B684722C7
:105E7C00022199547B681B6839680122180001F0D3
:105E8C007FFB7B681B681C4A93420FD07B681A68A7
:105E9C008023DB059A4209D07B681B68174A934222
:105EAC0004D07B681B68164A934216D17B681B682A
:105EBC009B68144A1340BB60BB68062B16D0BA68AB
:105ECC0080235B029A4211D07B681B681A687B683E
:105EDC001B6801210A431A6008E07B681B681A687A
:105EEC007B681B6801210A431A6000E0C04600234E
:105EFC001800BD4604B080BD002C014000040040D9
:105F0C00004001400700010080B584B000AF78600C
:105F1C0039600F23FB1800221A703B68002B04D148
:105F2C007B683E229B5CDBB223E03B68042B04D1F4
:105F3C007B683F229B5CDBB21BE03B68082B04D1E7
:105F4C007B6840229B5CDBB213E03B680C2B04D1DA
:105F5C007B6841229B5CDBB20BE03B68102B04D1CD
:105F6C007B6842229B5CDBB203E07B6843229B5C38
:105F7C00DBB20E22BA1813703B68002B04D17B687D
:105F8C0044229B5CDBB213E03B68042B04D17B689E
:105F9C0045229B5CDBB20BE03B68082B04D17B6891
:105FAC0046229B5CDBB203E07B6847229B5CDBB246
:105FBC000D217A1813700E23FB181B78012B03D1BB
:105FCC007B181B78012B01D00123C8E03B68002B08
:105FDC0004D17B683E220221995423E03B68042BB8
:105FEC0004D17B683F22022199541BE03B68082BAB
:105FFC0004D17B6840220221995413E03B680C2B9E
:10600C0004D17B684122022199540BE03B68102B90
:10601C0004D17B6842220221995403E07B6843221D
:10602C00022199543B68002B04D17B684422022145
:10603C00995413E03B68042B04D17B684522022160
:10604C0099540BE03B68082B04D17B684622022153
:10605C00995403E07B684722022199543B680C2B2E
:10606C002AD03B680C2B30D83B68082B1BD03B68E4
:10607C00082B2AD83B68002B03D03B68042B09D093
:10608C0023E07B681B68DA687B681B6802210A4383
:10609C00DA601FE07B681B68DA687B681B68042188
:1060AC000A43DA6016E07B681B68DA687B681B6859
:1060BC0008210A43DA600DE07B681B68DA687B68AC
:1060CC001B6810210A43DA6004E00F23FB1801223D
:1060DC001A70C0460F23FB181B78002B3CD17B6831
:1060EC001B6839680122180001F04AFA7B681B68AA
:1060FC001D4A93420FD07B681A688023DB059A42B5
:10610C0009D07B681B68194A934204D07B681B68D2
:10611C00174A934216D17B681B689B68154A13403B
:10612C00BB60BB68062B16D0BA6880235B029A4210
:10613C0011D07B681B681A687B681B6801210A43B5
:10614C001A6008E07B681B681A687B681B68012171
:10615C000A431A6000E0C0460F23FB181B78180096
:10616C00BD4604B080BDC046002C01400004004078
:10617C00004001400700010080B584B000AF78609A
:10618C007B681B68DB68FB607B681B681B69BB60FA
:10619C00BB680222134021D0FB68022213401DD0A1
:1061AC007B681B68032252421A617B6801221A77B2
:1061BC007B681B689B690322134004D07B68180022
:1061CC0000F03AFC07E07B68180000F02DFC7B68BF
:1061DC00180000F039FC7B6800221A77BB68042297
:1061EC00134022D0FB68042213401ED07B681B682E
:1061FC00052252421A617B6802221A777B681B685F
:10620C009A69C0239B00134004D07B68180000F0EF
:10621C0013FC07E07B68180000F006FC7B68180094
:10622C0000F012FC7B6800221A77BB68082213402E
:10623C0021D0FB68082213401DD07B681B68092203
:10624C0052421A617B6804221A777B681B68DB69EF
:10625C000322134004D07B68180000F0EDFB07E02C
:10626C007B68180000F0E0FB7B68180000F0ECFB8A
:10627C007B6800221A77BB681022134022D0FB687F
:10628C00102213401ED07B681B68112252421A61E7
:10629C007B6808221A777B681B68DA69C0239B002D
:1062AC00134004D07B68180000F0C6FB07E07B6845
:1062BC00180000F0B9FB7B68180000F0C5FB7B6888
:1062CC0000221A77BB68012213400CD0FB68012214
:1062DC00134008D07B681B68022252421A617B680B
:1062EC00180000F099FBBB688022134004D1BA68F7
:1062FC0080239B0113400BD0FB688022134007D0F6
:10630C007B681B681E4A1A617B68180001F06EFAE4
:10631C00BA6880235B0013400BD0FB6880221340CB
:10632C0007D07B681B68174A1A617B68180001F05C
:10633C0065FABB68402213400CD0FB684022134026
:10634C0008D07B681B68412252421A617B68180096
:10635C0000F082FBBB68202213400CD0FB6820228B
:10636C00134008D07B681B68212252421A617B685B
:10637C00180001F033FAC046BD4604B080BDC046DB
:10638C007FDFFFFFFFFEFFFF80B586B000AFF86038
:10639C00B9607A601723FB1800221A70FB683C2244
:1063AC009B5C012B01D102238CE0FB683C22012178
:1063BC0099547B68002B1BD1FB681868BB68196863
:1063CC00BB685A68BB68DB6800F036FFFB681B686B
:1063DC009A69FB681B680C218A439A61FB681B68ED
:1063EC009969BB689A68FB681B680A439A6162E00A
:1063FC007B68042B1CD1FB681868BB681968BB68E8
:10640C005A68BB68DB6800F0A1FFFB681B689A69DF
:10641C00FB681B682D490A409A61FB681B689969E7
:10642C00BB689B681A02FB681B680A439A6142E0CE
:10643C007B68082B1BD1FB681868BB681968BB68A4
:10644C005A68BB68DB6800F0F5FFFB681B68DA690B
:10645C00FB681B680C218A43DA61FB681B68D969ED
:10646C00BB689A68FB681B680A43DA6123E07B68A7
:10647C000C2B1CD1FB681868BB681968BB685A6880
:10648C00BB68DB6801F016F8FB681B68DA69FB680F
:10649C001B680E490A40DA61FB681B68D969BB6846
:1064AC009B681A02FB681B680A43DA6103E0172336
:1064BC00FB1801221A70FB683C2200219954172307
:1064CC00FB181B781800BD4606B080BDFFF3FFFF1C
:1064DC0080B586B000AFF860B9607A601723FB18FE
:1064EC0000221A70FB683C229B5C012B01D1022319
:1064FC00E5E0FB683C22012199547B68142B00D900
:10650C00D1E07B689A00704BD3181B689F46FB68E0
:10651C001B68BA681100180000F034FBFB681B689C
:10652C009A69FB681B6808210A439A61FB681B681F
:10653C009A69FB681B6804218A439A61FB681B6893
:10654C009969BB681A69FB681B680A439A61AFE0DA
:10655C00FB681B68BA681100180000F09DFBFB6813
:10656C001B689A69FB681B68802109010A439A61C0
:10657C00FB681B689A69FB681B6854490A409A615E
:10658C00FB681B689969BB681B691A02FB681B686E
:10659C000A439A618CE0FB681B68BA68110018000A
:1065AC0000F0FEFBFB681B68DA69FB681B680821BE
:1065BC000A43DA61FB681B68DA69FB681B68042113
:1065CC008A43DA61FB681B68D969BB681A69FB6886
:1065DC001B680A43DA616BE0FB681B68BA68110040
:1065EC00180000F065FCFB681B68DA69FB681B6827
:1065FC00802109010A43DA61FB681B68DA69FB68D0
:10660C001B6832490A40DA61FB681B68D969BB68B0
:10661C001B691A02FB681B680A43DA6148E0FB68D5
:10662C001B68BA681100180000F0ACFCFB681B6812
:10663C005A6DFB681B6808210A435A65FB681B6886
:10664C005A6DFB681B6804218A435A65FB681B68FA
:10665C00596DBB681A69FB681B680A435A6527E0C9
:10666C00FB681B68BA681100180000F0EBFCFB68B3
:10667C001B685A6DFB681B68802109010A435A6527
:10668C00FB681B685A6DFB681B6810490A405A6509
:10669C00FB681B68596DBB681B691A02FB681B6899
:1066AC000A435A6504E01723FB1801221A70C046EE
:1066BC00FB683C22002199541723FB181B78180007
:1066CC00BD4606B080BDC046ACA60008FFFBFFFF70
:1066DC0080B586B000AFF860B9607A601723FB18FC
:1066EC0000221A70FB683C229B5C012B01D1022317
:1066FC000EE1FB683C2201219954FB683D220221EA
:10670C009954BB685B688022920593422FD08022FB
:10671C009205934254D8012B14D9802252059342EE
:10672C004ED1FB681B689A68FB681B687A490A4063
:10673C009A60FB681B681A6DFB681B6801218A4311
:10674C001A6542E0FB681B689A68FB681B680821A5
:10675C008A439A60FB681B681B6D012293431900E6
:10676C00BB685A68FB681B680A431A652DE0BB6856
:10677C00DB68002B09D0FB683D2201219954FB6892
:10678C003C22002199540123C2E0FB681868BB68C5
:10679C00D968BB689A68BB681B6900F0D1FEFB68BE
:1067AC001B689A68FB681B6808210A439A60FB689F
:1067BC001B681A6DFB681B6801218A431A6504E08B
:1067CC001723FB1801221A70C0461723FB181B78DD
:1067DC00002B00D091E07B68142B00D98CE07B68F7
:1067EC009A004E4BD3181B689F46BB681B68002B46
:1067FC0008D0FB681B689A69FB681B6880210A43F8
:10680C009A617AE0FB681B689A69FB681B688021B7
:10681C008A439A6171E0BB681B68002B09D0FB6846
:10682C001B689A69FB681B68802109020A439A61FC
:10683C0063E0FB681B689A69FB681B6838490A406F
:10684C009A615AE0BB681B68002B08D0FB681B6878
:10685C00DA69FB681B6880210A43DA614DE0FB684A
:10686C001B68DA69FB681B6880218A43DA6144E0A3
:10687C00BB681B68002B09D0FB681B68DA69FB68D6
:10688C001B68802109020A43DA6136E0FB681B6849
:10689C00DA69FB681B6822490A40DA612DE0BB68A3
:1068AC001B68002B08D0FB681B685A6DFB681B68C3
:1068BC0080210A435A6520E0FB681B685A6DFB680F
:1068CC001B6880218A435A6517E0BB681B68002B44
:1068DC0009D0FB681B685A6DFB681B688021090294
:1068EC000A435A6509E0FB681B685A6DFB681B6814
:1068FC000B490A405A6500E0C046FB683D22012165
:10690C009954FB683C22002199541723FB181B78DF
:10691C001800BD4606B080BDF700FFFF00A70008B9
:10692C00FF7FFFFF80B582B000AF786039607B6875
:10693C003C229B5C012B01D1022332E07B683C2280
:10694C00012199547B683D22022199543A687B6855
:10695C001100180000F0DAFB031E09D07B683D2201
:10696C00012199547B683C2200219954012318E0A1
:10697C007B681B68DA687B681B6840218A43DA6095
:10698C007B681B68DA687B681B6808490A40DA6018
:10699C007B683D22012199547B683C22002199544B
:1069AC0000231800BD4602B080BDC046FFBFFFFFEC
:1069BC0080B584B000AF786039600023FB603B6821
:1069CC000C2B1ED03B680C2B20D83B68082B13D00B
:1069DC003B68082B1AD83B68002B03D03B68042B70
:1069EC0005D013E07B681B685B6BFB600FE07B687A
:1069FC001B689B6BFB600AE07B681B68DB6BFB60B6
:106A0C0005E07B681B681B6CFB6000E0C046FB6804
:106A1C001800BD4604B080BD80B582B000AF786070
:106A2C00C046BD4602B080BD80B582B000AF786074
:106A3C00C046BD4602B080BD80B582B000AF786064
:106A4C00C046BD4602B080BD80B582B000AF786054
:106A5C00C046BD4602B080BD80B582B000AF786044
:106A6C00C046BD4602B080BD80B584B000AF786032
:106A7C0039607B681B68FB607B683B4A934208D09B
:106A8C007A688023DB059A4203D07B68374A9342AD
:106A9C0008D1FB6870229343FB603B685B68FA6823
:106AAC001343FB607B68304A934218D07A6880238A
:106ABC00DB059A4213D07B682C4A93420FD07B683B
:106ACC002B4A93420BD07B682A4A934207D07B68AF
:106ADC00294A934203D07B68284A934208D1FB6829
:106AEC00274A1340FB603B68DB68FA681343FB6082
:106AFC00FB68802293431A003B685B691343FB607D
:106B0C007B68FA681A603B689A687B68DA623B6853
:106B1C001A687B689A627B68134A93420BD07B6835
:106B2C00144A934207D07B68134A934203D07B6884
:106B3C00124A934203D13B681A697B681A637B68DB
:106B4C0001225A617B681B6901221340012B06D17B
:106B5C007B681B69012293431A007B681A61C0464B
:106B6C00BD4604B080BDC046002C0140000400406E
:106B7C00002000400040014000440140004801401A
:106B8C00FFFCFFFF80B586B000AF786039607B6892
:106B9C001B6A7B617B681B6A012293431A007B682A
:106BAC001A627B685B683B617B689B69FB60FB6876
:106BBC00324A1340FB60FB6803229343FB603B6843
:106BCC001B68FA681343FB607B69022293437B6169
:106BDC003B689B687A6913437B617B68284A9342C4
:106BEC000BD07B68274A934207D07B68264A934296
:106BFC0003D07B68254A93420CD17B6908229343CE
:106C0C007B613B68DB687A6913437B617B69042297
:106C1C0093437B617B681A4A93420BD07B68194A79
:106C2C00934207D07B68184A934203D07B68174A7B
:106C3C00934211D13B69164A13403B613B69154A9B
:106C4C0013403B613B685B693A6913433B613B68AA
:106C5C009B693A6913433B617B683A695A607B686C
:106C6C00FA689A613B685A687B685A637B687A69F0
:106C7C001A62C046BD4606B080BDC0468FFFFEFFFF
:106C8C00002C0140004001400044014000480140FC
:106C9C00FFFEFFFFFFFDFFFF80B586B000AF786001
:106CAC0039607B681B6A7B617B681B6A102293438B
:106CBC001A007B681A627B685B683B617B689B6926
:106CCC00FB60FB682E4A1340FB60FB682D4A1340A7
:106CDC00FB603B681B681B02FA681343FB607B6913
:106CEC00202293437B613B689B681B017A691343A9
:106CFC007B617B68244A93420DD17B69802293434C
:106D0C007B613B68DB681B017A6913437B617B69A0
:106D1C00402293437B617B681B4A93420BD07B6878
:106D2C001A4A934207D07B68194A934203D07B6876
:106D3C00184A934213D13B69174A13403B613B6994
:106D4C00164A13403B613B685B699B003A691343ED
:106D5C003B613B689B699B003A6913433B617B68D1
:106D6C003A695A607B68FA689A613B685A687B6832
:106D7C009A637B687A691A62C046BD4606B080BDCC
:106D8C00FF8FFFFEFFFCFFFF002C01400040014085
:106D9C000044014000480140FFFBFFFFFFF7FFFFED
:106DAC0080B586B000AF786039607B681B6A7B6108
:106DBC007B681B6A334A1A407B681A627B685B6883
:106DCC003B617B68DB69FB60FB682F4A1340FB600F
:106DDC00FB6803229343FB603B681B68FA68134310
:106DEC00FB607B69294A13407B613B689B681B02F3
:106DFC007A6913437B617B68254A93420DD17B6989
:106E0C00244A13407B613B68DB681B027A6913439D
:106E1C007B617B69204A13407B617B681C4A9342EF
:106E2C000BD07B681D4A934207D07B681C4A934267
:106E3C0003D07B681B4A934213D13B691A4A134017
:106E4C003B613B69194A13403B613B685B691B0121
:106E5C003A6913433B613B689B691B013A691343D5
:106E6C003B617B683A695A607B68FA68DA613B6817
:106E7C005A687B68DA637B687A691A62C046BD46D9
:106E8C0006B080BDFFFEFFFF8FFFFEFFFFFDFFFF83
:106E9C00002C0140FFF7FFFFFFFBFFFF004001400C
:106EAC000044014000480140FFEFFFFFFFDFFFFF00
:106EBC0080B586B000AF786039607B681B6A3B6137
:106ECC007B681B6A264A1A407B681A627B685B687F
:106EDC007B617B68DB69FB60FB68224A1340FB60CB
:106EEC00FB68214A1340FB603B681B681B02FA6875
:106EFC001343FB603B691D4A13403B613B689B6835
:106F0C001B033A6913433B617B68194A93420BD0CC
:106F1C007B68184A934207D07B68174A934203D088
:106F2C007B68164A934209D17B69154A13407B61F1
:106F3C003B685B699B017A6913437B617B687A6967
:106F4C005A607B68FA68DA613B685A687B681A6435
:106F5C007B683A691A62C046BD4606B080BDC04621
:106F6C00FFEFFFFFFF8FFFFEFFFCFFFFFFDFFFFFC9
:106F7C00002C014000400140004401400048014009
:106F8C00FFBFFFFF80B586B000AF786039607B68CB
:106F9C001B6A3B617B681B6A234A1A407B681A6236
:106FAC007B685B687B617B685B6DFB60FB681F4A81
:106FBC001340FB603B681B68FA681343FB603B693A
:106FCC001B4A13403B613B689B681B043A691343A3
:106FDC003B617B68174A93420BD07B68164A9342FD
:106FEC0007D07B68154A934203D07B68144A9342BE
:106FFC0009D17B690C4A13407B613B685B691B02BE
:10700C007A6913437B617B687A695A607B68FA689A
:10701C005A653B685A687B689A657B683A691A625C
:10702C00C046BD4606B080BDFFFFFEFF8FFFFEFFD2
:10703C00FFFFFDFF002C01400040014000440140D7
:10704C000048014080B586B000AF786039607B683D
:10705C001B6A3B617B681B6A244A1A407B681A6274
:10706C007B685B687B617B685B6DFB60FB68204ABF
:10707C001340FB603B681B681B02FA681343FB6000
:10708C003B691C4A13403B613B689B681B053A6992
:10709C0013433B617B68184A93420BD07B68174AB9
:1070AC00934207D07B68164A934203D07B68154AFB
:1070BC00934209D17B69144A13407B613B685B693D
:1070CC009B027A6913437B617B687A695A607B689F
:1070DC00FA685A653B685A687B68DA657B683A6976
:1070EC001A62C046BD4606B080BDC046FFFFEFFF2A
:1070FC00FF8FFFFEFFFFDFFF002C0140004001402F
:10710C000044014000480140FFFFFBFF80B586B002
:10711C0000AF786039601723FB1800221A707B6867
:10712C001B689B683B613B69414A13403B613B6870
:10713C005B683A6913433B613B693E4A13403B61D0
:10714C003B681B683A6913433B617B681B683A696F
:10715C009A603B685B68702B15D000D95BE0602BA4
:10716C004FD058D8502B42D055D8402B16D052D88F
:10717C00302B55D04FD8202B52D04CD8002B4FD081
:10718C00102B4DD047E07B6818683B68D9683B688A
:10719C009A683B681B6900F0D3F942E03B681B68B6
:1071AC00052B01D101233FE07B681B681B6AFB6048
:1071BC007B681B681A6A7B681B6801218A431A6208
:1071CC007B681B689B69BB60BB68F0229343BB6008
:1071DC003B681B691B01BA681343BB607B681B6867
:1071EC00BA689A617B681B68FA681A6219E07B6856
:1071FC0018683B6899683B681B691A0000F078F8BE
:10720C000FE07B6818683B6899683B681B691A003B
:10721C0000F0DEF805E01723FB1801221A7000E0DD
:10722C00C0461723FB181B781800BD4606B080BD5E
:10723C008FFFCFFFF8FFFEFF80B586B000AFF86080
:10724C00B9607A603B60FB681B6A3B61FB681B6A38
:10725C00012293431A00FB681A62FB689B697B61ED
:10726C00FB68204A93420CD0FA688023DB059A42D3
:10727C0007D0FB681C4A934203D0FB681B4A93421D
:10728C0001D1012300E00023002B08D07B690322ED
:10729C0093437B617A697B6813437B6103E07B6971
:1072AC00012213437B617B69F02293437B613B6832
:1072BC001B01FF2213407A6913437B613B690A224D
:1072CC0093433B61BB680A2213403A6913433B6109
:1072DC00FB687A699A61FB683A691A62C046BD46D6
:1072EC0006B080BD002C014000040040004001406D
:1072FC0080B586B000AFF860B9607A60FB681B6A35
:10730C007B61FB681B6A012293431A00FB681A62BB
:10731C00FB689B693B613B69F02293433B617B6853
:10732C001B013A6913433B617B690A2293437B61DE
:10733C007A69BB6813437B61FB683A699A61FB68A5
:10734C007A691A62C046BD4606B080BD80B586B06B
:10735C0000AFF860B9607A603B60FB681B6A7B61C8
:10736C00FB681B6A102293431A00FB681A62FB68C5
:10737C009B693B613B69144A13403B617B681B0270
:10738C003A6913433B613B69104A13403B613B68CC
:10739C001B031B041B0C3A6913433B617B69A02242
:1073AC0093437B61BB681B01A02213407A69134392
:1073BC007B61FB683A699A61FB687A691A62C0461C
:1073CC00BD4606B080BDC046FFFCFFFFFF0FFFFFB0
:1073DC0080B586B000AFF860B9607A60FB681B6A54
:1073EC007B61FB681B6A102293431A00FB681A62CC
:1073FC00FB689B693B613B690D4A13403B617B68B1
:10740C001B033A6913433B617B69A02293437B6165
:10741C00BB681B017A6913437B61FB683A699A610B
:10742C00FB687A691A62C046BD4606B080BDC0468C
:10743C00FF0FFFFF80B586B000AFF860B9607A60CF
:10744C003B60FB681B6A7B61FB681B6A174A1A402E
:10745C00FB681A62FB68DB693B613B69032293435F
:10746C003B613A697B6813433B613B69F022934370
:10747C003B613B681B01FF2213403A6913433B619C
:10748C007B690B4A13407B61BB681A02A0231B016A
:10749C0013407A6913437B61FB683A69DA61FB68D4
:1074AC007A691A62C046BD4606B080BDFFFEFFFF7A
:1074BC00FFF5FFFF80B586B000AFF860B9607A6069
:1074CC003B60FB681B6A7B61FB681B6A184A1A40AD
:1074DC00FB681A62FB68DB693B613B69154A134028
:1074EC003B617B681B023A6913433B613B69124A5F
:1074FC0013403B613B681B031B041B0C3A69134391
:10750C003B617B690D4A13407B61BB681A03A02366
:10751C001B0213407A6913437B61FB683A69DA6199
:10752C00FB687A691A62C046BD4606B080BDC0468B
:10753C00FFEFFFFFFFFCFFFFFF0FFFFFFF5FFFFFF2
:10754C0080B586B000AFF860B9607A603B60FB68CC
:10755C009B687B617B69094A13407B613B681A021B
:10756C007B681A43BB6813437A6913437B61FB68DE
:10757C007A699A60C046BD4606B080BDFF00FFFF29
:10758C0080B586B000AFF860B9607A60BB681F2226
:10759C00134001229A4013007B61FB681B6A7A69D5
:1075AC00D2431A40FB681A62FB681A6ABB681F2137
:1075BC000B40796899400B001A43FB681A62C0466D
:1075CC00BD4606B080BD000080B584B000AF7860C9
:1075DC0039607B683C229B5C012B01D1022355E076
:1075EC007B683C22012199547B683D2202219954ED
:1075FC007B681B685B68FB607B681B689B68BB6077
:10760C007B681B68234A934208D1FB68224A1340CB
:10761C00FB603B685B68FA681343FB60FB68702295
:10762C009343FB603B681B68FA681343FB607B6801
:10763C001B68FA685A607B681B68164A93420FD025
:10764C007B681A688023DB059A4209D07B681B682B
:10765C00124A934204D07B681B68114A93420CD1A6
:10766C00BB6880229343BB603B689B68BA6813433A
:10767C00BB607B681B68BA689A607B683D220121FD
:10768C0099547B683C220021995400231800BD4674
:10769C0004B080BD002C0140FFFF0FFF0004004030
:1076AC000040014080B584B000AF786039600023A1
:1076BC00FB607B683C229B5C012B01D102236FE0B9
:1076CC007B683C2201219954FB68FF2293431A00EA
:1076DC003B68DB681343FB60FB68334A1A403B682A
:1076EC009B681343FB60FB68304A1A403B685B683D
:1076FC001343FB60FB682E4A1A403B681B6813431C
:10770C00FB60FB682B4A1A403B681B691343FB6008
:10771C00FB68294A1A403B685B691343FB60FB68B2
:10772C00264A1A403B681B6B1343FB60FB68244AD8
:10773C001A403B689B691B041343FB60FB68214A9E
:10774C001A403B68DB691343FB607B681B681E4A6D
:10775C0093421CD1FB681D4A1A403B689B6A1B056F
:10776C001343FB60FB681A4A1A403B681B6A1343BD
:10777C00FB60FB68174A1A403B685B6A1343FB606B
:10778C00FB68154A1A403B68DB6A1343FB607B6855
:10779C001B68FA685A647B683C22002199540023C8
:1077AC001800BD4604B080BDFFFCFFFFFFFBFFFFD0
:1077BC00FFF7FFFFFFEFFFFFFFDFFFFFFFBFFFFF45
:1077CC00FFFFF0FFFFFFFFEF002C0140FFFF0FFF5B
:1077DC00FFFFFFFEFFFFFFFDFFFFFFDF80B582B065
:1077EC0000AF7860C046BD4602B080BD80B582B0A7
:1077FC0000AF7860C046BD4602B080BD80B582B097
:10780C0000AF7860C046BD4602B080BD80B582B086
:10781C0000AF78607B68002B01D1012346E07B68C8
:10782C0088229B58002B07D17B6884220021995415
:10783C007B681800FAF7A8FB7B68882224219950F2
:10784C007B681B681A687B681B6801218A431A6075
:10785C007B689B6A002B03D07B68180000F02EFF1E
:10786C007B68180000F06CFC0300012B01D1012394
:10787C001CE07B681B685A687B681B680D490A40D2
:10788C005A607B681B689A687B681B682A218A434C
:10789C009A607B681B681A687B681B6801210A4325
:1078AC001A607B68180000F0BDFF03001800BD468D
:1078BC0002B080BDFFB7FFFF80B58AB002AFF860A1
:1078CC00B9603B60BB1D1A80FB6888229B58202B3B
:1078DC0000D090E0BB68002B03D0BB1D1B88002B95
:1078EC0001D1012388E0FB689A6880235B019A42EE
:1078FC0009D1FB681B69002B05D1BB680122134021
:10790C0001D0012378E0FB68902200219950FB689C
:10791C00882221219950FAF763FD03007B61FB68F3
:10792C00BA1D542112885A52FB68BA1D562112886E
:10793C005A52FB689A6880235B019A4208D1FB6813
:10794C001B69002B04D10023FB61BB68BB6103E006
:10795C00BB68FB610023BB6130E07A69F8683B6867
:10796C00009313000022802101F006F8031E05D0BD
:10797C00FB6888222021995003233DE0FB69002BF2
:10798C000BD1BB691B881A00FB681B68D205D20D92
:10799C009A62BB690233BB6107E0FB691A78FB682A
:1079AC001B689A62FB690133FB61FB6856229B5A88
:1079BC009BB2013B99B2FB6856229952FB68562246
:1079CC009B5A9BB2002BC8D17A69F8683B6800932C
:1079DC0013000022402100F0CFFF031E05D0FB68EE
:1079EC00882220219950032306E0FB68882220215D
:1079FC009950002300E002231800BD4608B080BD5A
:107A0C0080B588B000AFF860B960BB1D1A80FB6808
:107A1C008C229B58202B4AD1BB68002B03D0BB1D5A
:107A2C001B88002B01D1012342E0FB689A6880235C
:107A3C005B019A4209D1FB681B69002B05D1BB681D
:107A4C000122134001D0012332E0FB680022DA66E8
:107A5C00FB681B68184A934220D0FB681B685A6865
:107A6C0080231B04134019D0EFF310833B613B6957
:107A7C00FB6101237B617B6983F31088C046FB6843
:107A8C001B681A68FB681B688021C9040A431A60CA
:107A9C00FB69BB61BB6983F31088C046BB1D1A88A8
:107AAC00B968FB68180000F0D7FF030000E0022360
:107ABC001800BD4608B080BD00800040B0B5AAB02B
:107ACC0000AF78607B681B68DB69A422B9180B6077
:107ADC007B681B681B68A02039180B607B681B68CF
:107AEC009B689C2439190B601100BB181B68A24AB7
:107AFC0013409822BD182B60BB181B68002B1AD1A1
:107B0C007B181B682022134015D03B181B682022C1
:107B1C00134005D13B191A6880235B0513400AD02A
:107B2C007B685B6F002B00D1DCE27B685B6F7A6853
:107B3C0010009847D6E29823FB181B68002B00D145
:107B4C0022E19C23FB181B688C4A134006D1A0230E
:107B5C00FB181B688A4A134000D115E1A423FB18BB
:107B6C001B680122134012D0A023FB181A68802333
:107B7C005B0013400BD07B681B6801221A627B6888
:107B8C0090229B5801221A437B6890215A50A423BF
:107B9C00FB181B680222134011D09C23FB181B6896
:107BAC00012213400BD07B681B6802221A627B688F
:107BBC0090229B5804221A437B6890215A50A4238C
:107BCC00FB181B680422134011D09C23FB181B6864
:107BDC00012213400BD07B681B6804221A627B685D
:107BEC0090229B5802221A437B6890215A50A4235E
:107BFC00FB181B680822134017D0A023FB181B6826
:107C0C002022134005D19C23FB181B685B4A1340B0
:107C1C000BD07B681B6808221A627B6890229B58E9
:107C2C0008221A437B6890215A50A423FB181A6827
:107C3C0080231B01134013D0A023FB181A68802348
:107C4C00DB0413400CD07B681B68802212011A6283
:107C5C007B6890229B5820221A437B6890215A50B3
:107C6C007B6890229B58002B00D13DE2A423FB188B
:107C7C001B682022134015D0A023FB181B68202260
:107C8C00134006D19C23FB181A6880235B05134014
:107C9C0008D07B685B6F002B04D07B685B6F7A68C5
:107CAC00100098477B6890229B5894217A18136097
:107CBC007B681B689B6840221340402B04D07B18C8
:107CCC001B68282213404CD07B68180000F0E8FF9A
:107CDC007B681B689B6840221340402B3CD1EFF320
:107CEC0010833B663B6E90203A18136001237B6631
:107CFC007B6E83F31088C0467B681B689A687B6830
:107D0C001B6840218A439A603B181B68BB66BB6E9C
:107D1C0083F31088C0467B6880229B58002B16D0BA
:107D2C007B6880229B58174A9A637B6880229B58F9
:107D3C001800FCF73FFA031E1CD07B6880229B586E
:107D4C009B6B7A68802152581000984712E07B6830
:107D5C00180000F0E1F90DE07B68180000F0DCF988
:107D6C0008E07B68180000F0D7F97B6890220021AE
:107D7C009950B9E1C046B7E10F08000001000010AE
:107D8C0020010004798D00087B68DB6E012B00D08C
:107D9C003EE1A423FB181B681022134000D137E1ED
:107DAC00A023FB181B681022134000D130E17B6824
:107DBC001B6810221A627B681B689B684022134068
:107DCC00402B00D0A4E07B6880229B581B685A682B
:107DDC007E217B181A807B181B88002B00D185E133
:107DEC007B685C229B5A7A1812889A4200D37DE1F8
:107DFC007B687A185E2112885A527B6880229B58C5
:107E0C001B681B682022134070D1EFF310833B6377
:107E1C003B6BBB6701237B637B6B83F31088C04692
:107E2C007B681B681A687B681B68B4490A401A6037
:107E3C00BB6FBB63BB6B83F31088C046EFF310833F
:107E4C00FB63FB6B7B6701233B643B6C83F3108808
:107E5C00C0467B681B689A687B681B6801218A4353
:107E6C009A607B6F7B647B6C83F31088C046EFF366
:107E7C001083BB64BB6C3B670123FB64FB6C83F31B
:107E8C001088C0467B681B689A687B681B68402119
:107E9C008A439A603B6F3B653B6D83F31088C04609
:107EAC007B688C22202199507B680022DA66EFF3E4
:107EBC0010837B657B6DFB660123BB65BB6D83F318
:107ECC001088C0467B681B681A687B681B68102189
:107EDC008A431A60FB6EFB65FB6D83F31088C0460A
:107EEC007B6880229B581800FCF702F97B68022201
:107EFC001A677B685C229A5A7B685E215B5A9BB23C
:107F0C00D31A9AB27B681100180000F00DF9EDE05D
:107F1C007B685C22995A7B685E229B5A9AB28E20AF
:107F2C003B188A1A1A807B685E229B5A9BB2002BE4
:107F3C0000D1DDE03B181B88002B00D1D8E0EFF31B
:107F4C001083FB60FB6888243A19136001233B61A2
:107F5C003B6983F31088C0467B681B681A687B6892
:107F6C001B6867490A401A603B191B687B617B6977
:107F7C0083F31088C046EFF31083BB61BB69842484
:107F8C003A1913600123FB61FB6983F31088C04627
:107F9C007B681B689A687B681B685A490A409A6020
:107FAC003B191B683B623B6A83F31088C0467B68B5
:107FBC008C22202199507B680022DA667B68002293
:107FCC005A67EFF310837B627B6A80243A19136043
:107FDC000123BB62BB6A83F31088C0467B681B68B5
:107FEC001A687B681B6810218A431A603B191B684E
:107FFC00FB62FB6A83F31088C0467B6802221A6717
:10800C003B181A887B681100180000F08DF86FE09F
:10801C00A423FB181A6880235B03134010D09C2305
:10802C00FB181A688023DB03134009D07B681B689C
:10803C00802252031A627B68180001F0EBFB5AE0B5
:10804C00A423FB181B688022134016D0A023FB1816
:10805C001B688022134006D19C23FB181A688023CE
:10806C001B04134009D07B689B6F002B42D07B68AC
:10807C009B6F7A68100098473CE0A423FB181B68A0
:10808C00402213400AD0A023FB181B684022134047
:10809C0004D07B68180000F080FE2CE0A423FB18B1
:1080AC001A6880231B0413400BD0A023FB181A68FA
:1080BC008023DB05134004D07B68180001F0BAFB69
:1080CC0019E0A423FB181A6880235B04134012D018
:1080DC00A023FB181B68002B0DDA7B68180001F03D
:1080EC00A1FB08E0C04606E0C04604E0C04602E042
:1080FC00C04600E0C046BD462AB0B0BDFFFEFFFF43
:10810C00DFFEFFFFFEFFFFEF80B582B000AF7860AF
:10811C00C046BD4602B080BD80B582B000AF78606D
:10812C00C046BD4602B080BD80B582B000AF78605D
:10813C000A00BB1C1A80C046BD4602B080BD0000C0
:10814C00B0B590B000AF78621A2320229B18DB19CF
:10815C0000221A707B6A9A687B6A1B691A437B6AD5
:10816C005B691A437B6ADB691343FB637B6A1B689D
:10817C001B68AF4A134019007B6A1A68FB6B0B43F0
:10818C0013607B6A1B685B68AA4A134018007B6A01
:10819C00D9687B6A1A6803000B4353607B6A9B693E
:1081AC00FB637B6A1B68A44A934204D07B6A1B6AFC
:1081BC00FA6B1343FB637B6A1B689B689F4A1340F3
:1081CC0019007B6A1A68FB6B0B4393607B6A1B6814
:1081DC00DB6A0F22934318007B6A596A7B6A1A6820
:1081EC0003000B43D3627B6A1B68954A934231D1DF
:1081FC00944B5B6D03221340032B1DD023D8022B11
:10820C000CD020D8002B02D0012B0ED01BE01B234E
:10821C0020229B18DB1900221A70B4E01B232022A9
:10822C009B18DB1902221A70ADE01B2320229B182D
:10823C00DB1904221A70A6E01B2320229B18DB19E1
:10824C0008221A709FE01B2320229B18DB19102296
:10825C001A7098E07B6A1B687B4A934231D1794B48
:10826C005B6D0C2213400C2B1DD023D8082B0CD08B
:10827C0020D8002B02D0042B0ED01BE01B23202275
:10828C009B18DB1900221A707DE01B2320229B18FF
:10829C00DB1902221A7076E01B2320229B18DB19B3
:1082AC0004221A706FE01B2320229B18DB19082272
:1082BC001A7068E01B2320229B18DB1910221A70FD
:1082CC0061E07B6A1B68614A934206D11B23202222
:1082DC009B18DB1900221A7055E07B6A1B685C4AFC
:1082EC00934206D11B2320229B18DB1900221A7003
:1082FC0049E07B6A1B68504A93423ED1514B5A6D00
:10830C00C0231B011340C0221201934227D0C0226C
:10831C00120193422AD880221201934211D080225A
:10832C001201934222D8002B04D08022D200934217
:10833C000ED01BE01B2320229B18DB1900221A7085
:10834C0021E01B2320229B18DB1902221A701AE051
:10835C001B2320229B18DB1904221A7013E01B2309
:10836C0020229B18DB1908221A700CE01B232022F8
:10837C009B18DB1910221A7005E01B2320229B1876
:10838C00DB1910221A707B6A1B682B4A934200D0AF
:10839C00A9E01B2320229B18DB191B78082B15D076
:1083AC0018DC042B0DD015DC002B02D0022B05D0D1
:1083BC0010E0FDF79DF803007B6314E0254B7B6315
:1083CC0011E0FDF709F803007B630CE080231B022E
:1083DC007B6308E000237B631A2320229B18DB19A4
:1083EC0001221A70C0467B6B002B00D14BE17B6ADB
:1083FC005A6A194B5200D35A1900786BF7F78EFE54
:10840C000300BB627B6A5A6813005B009B18BA6A54
:10841C009A4205D37B6A5B681B03BA6A9A421DD9E0
:10842C001A2320229B18DB1901221A702BE1C0465B
:10843C00F369FFCFFFCFFFFF00800040FFF4FF1177
:10844C000038014000100240004400400048004049
:10845C00004C00400024F40054A700087B6BBB6167
:10846C000023FB617B6A5A6A924B5200D35A3B61E0
:10847C0000237B613A697B69B869F969F7F7C4FF36
:10848C0002000B00110E1D020D4314027B6A5B6887
:10849C005B08BB600023FB60B868F9680019694190
:1084AC007B6A5B683B6000237B603A687B68F7F70C
:1084BC00ABFF02000B0013003B633A6BC0239B0025
:1084CC009A4209D33A6B80235B039A4204D27B6AAB
:1084DC001B683A6BDA60D6E01A2320229B18DB1952
:1084EC0001221A70CFE07B6ADA6980231B029A4260
:1084FC0000D070E01B2320229B18DB191B78082B63
:10850C0015D018DC042B0DD015DC002B02D0022B5F
:10851C0005D010E0FCF7ECFF03007B6314E0664B26
:10852C007B6311E0FCF758FF03007B630CE08023B6
:10853C001B027B6308E000237B631A2320229B1819
:10854C00DB1901221A70C0467B6B002B00D19AE01C
:10855C007B6A5A6A574B5200D35A1900786BF7F75B
:10856C00DDFD03005A007B6A5B685B08D2187B6AEE
:10857C005B6819001000F7F7D1FD03003B633B6B00
:10858C000F2B21D93A6B80235B029A421CD23B6B96
:10859C009AB20E2020240319DB190F218A431A806A
:1085AC003B6B5B089BB20722134099B20319DB1992
:1085BC000219D21912880A431A807B6A1B680219A5
:1085CC00D2191288DA605EE01A2320229B18DB197C
:1085DC0001221A7057E01B2320229B18DB191B78F1
:1085EC00082B15D018DC042B0DD015DC002B02D079
:1085FC00022B05D010E0FCF77BFF03007B6314E03B
:10860C002D4B7B6311E0FCF7E7FE03007B630CE072
:10861C0080231B027B6308E000237B631A23202248
:10862C009B18DB1901221A70C0467B6B002B2AD0D9
:10863C007B6A5A6A1F4B5200D35A1900786BF7F7B2
:10864C006DFD03001A007B6A5B685B08D2187B6ABD
:10865C005B6819001000F7F761FD03003B633B6B8F
:10866C000F2B0AD93A6B80235B029A4205D23B6BE3
:10867C009AB27B6A1B68DA6005E01A2320229B18E9
:10868C00DB1901221A707B6A6A22012199527B6ADA
:10869C006822012199527B6A00225A677B6A002268
:1086AC009A671A2320229B18DB191B781800BD46E9
:1086BC0010B0B0BD54A700080024F40080B582B0FF
:1086CC0000AF78607B689B6A082213400BD07B68F4
:1086DC001B685B684A4A134019007B689A6B7B687D
:1086EC001B680A435A607B689B6A012213400BD0BB
:1086FC007B681B685B68434A134019007B68DA6A25
:10870C007B681B680A435A607B689B6A0222134091
:10871C000BD07B681B685B683B4A134019007B6875
:10872C001A6B7B681B680A435A607B689B6A04223D
:10873C0013400BD07B681B685B68344A13401900EC
:10874C007B685A6B7B681B680A435A607B689B6A20
:10875C00102213400BD07B681B689B682C4A13407B
:10876C0019007B68DA6B7B681B680A439A607B682C
:10877C009B6A202213400BD07B681B689B68254AA0
:10878C00134019007B681A6C7B681B680A439A605B
:10879C007B689B6A402213401DD07B681B685B681A
:1087AC001D4A134019007B685A6C7B681B680A438E
:1087BC005A607B685A6C80235B039A420BD17B68AE
:1087CC001B685B68154A134019007B689A6C7B68C0
:1087DC001B680A435A607B689B6A802213400BD04B
:1087EC007B681B685B680E4A134019007B68DA6C67
:1087FC007B681B680A435A60C046BD4602B080BD08
:10880C00FF7FFFFFFFFFFDFFFFFFFEFFFFFFFBFFF3
:10881C00FFEFFFFFFFDFFFFFFFFFEFFFFFFF9FFFFC
:10882C00FFFFF7FF80B592B002AF78607B689022B3
:10883C0000219950F9F7D4FD0300FB637B681B689A
:10884C001B6808221340082B2DD1FB6B802291034F
:10885C007868474A0092002200F08EF8031E22D05E
:10886C00EFF310837B627B6ABB630123BB62BB6A41
:10887C0083F31088C0467B681B681A687B681B688A
:10888C0080218A431A60BB6BFB62FB6A83F31088FE
:10889C00C0467B688822202199507B688422002165
:1088AC009954032360E07B681B681B680422134007
:1088BC00042B46D1FB6B8022D10378682C4A0092A2
:1088CC00002200F059F8031E3BD0EFF31083FB603D
:1088DC00FB687B6301233B613B6983F31088C046D3
:1088EC007B681B681A687B681B6822490A401A60FF
:1088FC007B6B7B617B6983F31088C046EFF310833D
:10890C00BB61BB693B630123FB61FB6983F310888B
:10891C00C0467B681B689A687B681B6801218A4388
:10892C009A603B6B3B623B6A83F31088C0467B6862
:10893C008C22202199507B68842200219954032396
:10894C0012E07B688822202199507B688C222021A0
:10895C0099507B680022DA667B6800221A677B6874
:10896C0084220021995400231800BD4610B080BD0C
:10897C00FFFFFF01DFFEFFFF80B584B000AFF860A2
:10898C00B9603B60FB1D1A7051E0BB6901334ED0DE
:10899C00F9F726FD02003B68D31ABA699A4202D352
:1089AC00BB69002B01D1032351E0FB681B681B68DA
:1089BC00042213403BD0BB68802B38D0BB68402BC3
:1089CC0035D0FB681B68DB6908221340082B11D1DA
:1089DC00FB681B6808221A62FB68180000F060F93B
:1089EC00FB68902208219950FB688422002199543D
:1089FC0001232CE0FB681B68DA6980231B011A40F9
:108A0C0080231B019A4212D1FB681B688022120141
:108A1C001A62FB68180000F043F9FB6890222021D1
:108A2C009950FB6884220021995403230FE0FB68C2
:108A3C001B68DB69BA681340BA68D31A5A425341AF
:108A4C00DBB21A00FB1D1B789A429ED00023180043
:108A5C00BD4604B080BD000080B598B000AFF86092
:108A6C00B960BB1D1A80FB68BA689A65FB68BA1DB1
:108A7C005C2112885A52FB68BA1D5E2112885A5228
:108A8C00FB6800225A67FB689A6880235B019A4254
:108A9C000DD1FB681B69002B04D1FB6860227B495C
:108AAC0099522EE0FB686022FF21995229E0FB6865
:108ABC009B68002B0DD1FB681B69002B04D1FB6854
:108ACC006022FF2199521CE0FB6860227F219952A1
:108ADC0017E0FB689A6880235B059A420DD1FB680E
:108AEC001B69002B04D1FB6860227F21995208E09E
:108AFC00FB6860223F21995203E0FB686022002151
:108B0C009952FB68902200219950FB688C222221FB
:108B1C009950EFF310833B643B6CFB6501237B6442
:108B2C007B6C83F31088C046FB681B689A68FB68F3
:108B3C001B6801210A439A60FB6DBB64BB6C83F319
:108B4C001088C046FB685A6E80239B059A4250D110
:108B5C00FB6868229B5ABA1D12889A4249D3FB685B
:108B6C009A6880235B019A4207D1FB681B69002B32
:108B7C0003D1FB68464A5A6702E0FB68454A5A67CC
:108B8C00FB681B69002B19D0EFF310837B637B6BA5
:108B9C00BB650123BB63BB6B83F31088C046FB68CA
:108BAC001B681A68FB681B68802149000A431A601D
:108BBC00BB6DFB63FB6B83F31088C046EFF3108334
:108BCC00BB62BB6A7B650123FB62FB6A83F3108883
:108BDC00C046FB681B689A68FB681B6880214905C6
:108BEC000A439A607B6D3B633B6B83F31088C046F2
:108BFC0047E0FB689A6880235B019A4207D1FB68C7
:108C0C001B69002B03D1FB68234A5A6702E0FB68FF
:108C1C00224A5A67FB681B69002B19D0EFF31083AB
:108C2C00FB61FB69FB6401233B623B6A83F31088A5
:108C3C00C046FB681B681A68FB681B6890214900DA
:108C4C000A431A60FB6C7B627B6A83F3108818E022
:108C5C00EFF310833B613B693B6501237B617B69CF
:108C6C0083F31088C046FB681B681A68FB681B6896
:108C7C0020210A431A603B6DBB61BB6983F31088EA
:108C8C00C04600231800BD4618B080BDFF0100008F
:108C9C00C994000889910008C58F0008018E00084E
:108CAC0080B58EB000AF7860EFF310837B617B6989
:108CBC007B630123BB61BB6983F31088C0467B686F
:108CCC001B681A687B681B6826490A401A607B6B14
:108CDC00FB61FB6983F31088C046EFF310833B62A2
:108CEC003B6A3B6301237B627B6A83F31088C0463B
:108CFC007B681B689A687B681B681B490A409A60F2
:108D0C003B6BBB62BB6A83F31088C0467B68DB6E2F
:108D1C00012B18D1EFF31083BB60BB68FB620123FE
:108D2C00FB60FB6883F31088C0467B681B681A687D
:108D3C007B681B6810218A431A60FB6A3B613B69A4
:108D4C0083F31088C0467B688C22202199507B6865
:108D5C000022DA667B6800225A67C046BD460EB018
:108D6C0080BDC046DFFEFFFFFEFFFFEF80B584B085
:108D7C0000AF78607B689B6AFB60FB685E22002119
:108D8C009952FB68562200219952FB681800FFF794
:108D9C00C3F9C046BD4604B080BD80B586B000AFF7
:108DAC007860EFF31083BB60BB687B610123FB60D1
:108DBC00FB6883F31088C0467B681B681A687B6865
:108DCC001B6840218A431A607B693B613B6983F3D2
:108DDC001088C0467B688822202199507B6800222D
:108DEC009A677B681800FFF78FF9C046BD4606B03E
:108DFC0080BD000080B594B000AF78604E203B1869
:108E0C007A686021525A1A807B688C229B58222BDC
:108E1C0000D0BFE07B681B685A6A4C217B181A8013
:108E2C007B181B88DAB23B181B88D9B27B689B6D08
:108E3C000A40D2B21A707B689B6D5A1C7B689A658B
:108E4C007B685E229B5A9BB2013B99B27B685E2287
:108E5C0099527B685E229B5A9BB2002B00D0A1E0FA
:108E6C00EFF310837B627B6ABB640123BB62BB6A3A
:108E7C0083F31088C0467B681B681A687B681B6884
:108E8C004A490A401A60BB6CFB62FB6A83F3108888
:108E9C00C046EFF310833B633B6B7B6401237B6326
:108EAC007B6B83F31088C0467B681B689A687B6871
:108EBC001B6801218A439A607B6CBB63BB6B83F399
:108ECC001088C0467B688C22202199507B68002238
:108EDC005A677B6800221A677B681B68344A934286
:108EEC001FD07B681B685A6880231B04134018D062
:108EFC00EFF31083BB61BB693B640123FB61FB692E
:108F0C0083F31088C0467B681B681A687B681B68F3
:108F1C0028490A401A603B6C3B623B6A83F3108819
:108F2C00C0467B68DB6E012B2FD17B680022DA6692
:108F3C00EFF31083FB60FB68FB6301233B613B6930
:108F4C0083F31088C0467B681B681A687B681B68B3
:108F5C0010218A431A60FB6B7B617B6983F3108859
:108F6C00C0467B681B68DB6910221340102B03D1B1
:108F7C007B681B6810221A627B685C229A5A7B6899
:108F8C0011001800FFF7D0F80CE07B681800F7F719
:108F9C0051FB07E07B681B689A697B681B6808219A
:108FAC000A439A61C046BD4614B080BDDFFEFFFF88
:108FBC0000800040FFFFFFFB80B594B000AF7860ED
:108FCC004E203B187A686021525A1A807B688C229A
:108FDC009B58222B00D0BFE07B681B685A6A4C213F
:108FEC007B181A807B689B6DBB647B183A181B88B6
:108FFC00128813409AB2BB6C1A807B689B6D9A1CCA
:10900C007B689A657B685E229B5A9BB2013B99B246
:10901C007B685E2299527B685E229B5A9BB2002B26
:10902C0000D0A1E0EFF310833B623B6A7B64012329
:10903C007B627B6A83F31088C0467B681B681A6866
:10904C007B681B684A490A401A607B6CBB62BB6A2E
:10905C0083F31088C046EFF31083FB62FB6A3B641A
:10906C0001233B633B6B83F31088C0467B681B6812
:10907C009A687B681B6801218A439A603B6C7B630E
:10908C007B6B83F31088C0467B688C22202199501F
:10909C007B6800225A677B6800221A677B681B6812
:1090AC00344A93421FD07B681B685A6880231B0488
:1090BC00134018D0EFF310837B617B69FB630123B2
:1090CC00BB61BB6983F31088C0467B681B681A6858
:1090DC007B681B6828490A401A60FB6BFB61FB69C3
:1090EC0083F31088C0467B68DB6E012B2FD17B6825
:1090FC000022DA66EFF31083BB60BB68BB6301230D
:10910C00FB60FB6883F31088C0467B681B681A6899
:10911C007B681B6810218A431A60BB6B3B613B69FF
:10912C0083F31088C0467B681B68DB6910221340F0
:10913C00102B03D17B681B6810221A627B685C229F
:10914C009A5A7B6811001800FEF7EEFF0CE07B6862
:10915C001800F7F76FFA07E07B681B689A697B6861
:10916C001B6808210A439A61C046BD4614B080BDF5
:10917C00DFFEFFFF00800040FFFFFFFB80B5A0B0CB
:10918C0000AF78607A23FB187A686021525A1A80F3
:10919C007B681B68DB69FB677B681B681B687B67EC
:1091AC007B681B689B683B677B688C229B58222BD7
:1091BC0000D06AE16E23FB187A686821525A1A8033
:1091CC0011E17B681B685A6A6C217B181A807B182A
:1091DC001B88DAB27A23FB181B88D9B27B689B6D8B
:1091EC000A40D2B21A707B689B6D5A1C7B689A65D8
:1091FC007B685E229B5A9BB2013B99B27B685E22D4
:10920C0099527B681B68DB69FB67FB6F0722134075
:10921C0049D0FB6F0122134010D07A6F80235B0082
:10922C0013400BD07B681B6801221A627B6890226A
:10923C009B5801221A437B6890215A50FB6F0222E3
:10924C0013400FD03B6F012213400BD07B681B687F
:10925C0002221A627B6890229B5804221A437B6874
:10926C0090215A50FB6F042213400FD03B6F012208
:10927C0013400BD07B681B6804221A627B68902217
:10928C009B5802221A437B6890215A507B6890228B
:10929C009B58002B07D07B681800FEF73DFF7B68BE
:1092AC009022002199507B685E229B5A9BB2002B26
:1092BC0000D098E0EFF31083BB63BB6BBB6601235C
:1092CC00FB63FB6B83F31088C0467B681B681A68D2
:1092DC007B681B6873490A401A60BB6E3B643B6C2D
:1092EC0083F31088C046EFF310837B647B6C7B6642
:1092FC000123BB64BB6C83F31088C0467B681B687E
:10930C009A687B681B6868490A409A607B6EFB64AC
:10931C00FB6C83F31088C0467B688C22202199500B
:10932C007B6800225A677B6800221A677B681B687F
:10933C005E4A93421FD07B681B685A6880231B04CB
:10934C00134018D0EFF31083FB62FB6A3B660123DA
:10935C003B633B6B83F31088C0467B681B681A68C1
:10936C007B681B6852490A401A603B6E7B637B6BBF
:10937C0083F31088C0467B68DB6E012B2FD17B6892
:10938C000022DA66EFF310833B623B6AFB65012334
:10939C007B627B6A83F31088C0467B681B681A6803
:1093AC007B681B6810218A431A60FB6DBB62BB6A29
:1093BC0083F31088C0467B681B68DB69102213405E
:1093CC00102B03D17B681B6810221A627B685C220D
:1093DC009A5A7B6811001800FEF7A6FE03E07B6822
:1093EC001800F7F727F96E23FB181B88002B04D005
:1093FC00FB6F2022134000D0E3E65A203B187A681A
:10940C005E21525A1A8001007B181B88002B44D015
:10941C007B6868229B5A7A1812889A423DD2EFF3E5
:10942C001083BB60BB687B650123FB60FB6883F327
:10943C001088C0467B681B689A687B681B681D494E
:10944C000A409A607B6D3B613B6983F31088C04690
:10945C007B68194A5A67EFF310837B617B693B6524
:10946C000123BB61BB6983F31088C0467B681B6812
:10947C001A687B681B6820210A431A603B6DFB61EC
:10948C00FB6983F31088C04607E07B681B689A6908
:10949C007B681B6808210A439A61C046BD4620B010
:1094AC0080BDC046FFFEFFFFFEFFFFEF00800040C7
:1094BC00FFFFFFFBFFFFFFEF018E000880B5A2B09E
:1094CC0000AF78608223FB187A686021525A1A80A8
:1094DC007B681B68DB698422BA1813607B681B6885
:1094EC001B68FB677B681B689B68BB677B688C226F
:1094FC009B58222B00D074E17623FB187A686821E4
:10950C00525A1A8019E17B681B685A6A74217B18BD
:10951C001A807B689B6D3B677B188222BA181B886C
:10952C00128813409AB23B6F1A807B689B6D9A1C11
:10953C007B689A657B685E229B5A9BB2013B99B211
:10954C007B685E2299527B681B68DB6984217A18E0
:10955C0013607B181B68072213404ED07B181B68C6
:10956C000122134010D0FA6F80235B0013400BD004
:10957C007B681B6801221A627B6890229B5801222F
:10958C001A437B6890215A508423FB181B680222D3
:10959C0013400FD0BB6F012213400BD07B681B68AC
:1095AC0002221A627B6890229B5804221A437B6821
:1095BC0090215A508423FB181B68042213400FD0AF
:1095CC00BB6F012213400BD07B681B6804221A620C
:1095DC007B6890229B5802221A437B6890215A5038
:1095EC007B6890229B58002B07D07B681800FEF7F5
:1095FC0093FD7B689022002199507B685E229B5AD8
:10960C009BB2002B00D098E0EFF31083FB63FB6B55
:10961C00FB6601233B643B6C83F31088C0467B687C
:10962C001B681A687B681B6874490A401A60FB6ED9
:10963C007B647B6C83F31088C046EFF31083BB64B0
:10964C00BB6CBB660123FB64FB6C83F31088C046C8
:10965C007B681B689A687B681B6869490A409A603A
:10966C00BB6E3B653B6D83F31088C0467B688C22D8
:10967C00202199507B6800225A677B6800221A6768
:10968C007B681B685F4A93421FD07B681B685A68D3
:10969C0080231B04134018D0EFF310833B633B6B08
:1096AC007B6601237B637B6B83F31088C0467B68EE
:1096BC001B681A687B681B6853490A401A607B6EEA
:1096CC00BB63BB6B83F31088C0467B68DB6E012BDE
:1096DC002FD17B680022DA66EFF310837B627B6A02
:1096EC003B660123BB62BB6A83F31088C0467B6870
:1096FC001B681A687B681B6810218A431A603B6ED2
:10970C00FB62FB6A83F31088C0467B681B68DB69CD
:10971C0010221340102B03D17B681B6810221A6295
:10972C007B685C229A5A7B6811001800FEF7FCFCDF
:10973C0003E07B681800F6F77DFF7623FB181B8887
:10974C00002B06D08423FB181B682022134000D06A
:10975C00D9E65E203B187A685E21525A1A800100C5
:10976C007B181B88002B44D07B6868229B5A7A1884
:10977C0012889A423DD2EFF31083FB60FB68BB6505
:10978C0001233B613B6983F31088C0467B681B68EF
:10979C009A687B681B681D490A409A60BB6D7B61A7
:1097AC007B6983F31088C0467B68194A5A67EFF3CC
:1097BC001083BB61BB697B650123FB61FB6983F390
:1097CC001088C0467B681B681A687B681B68202160
:1097DC000A431A607B6D3B623B6A83F31088C04678
:1097EC0007E07B681B689A697B681B6808210A4341
:1097FC009A61C046BD4622B080BDC046FFFEFFFF49
:10980C00FEFFFFEF00800040FFFFFFFBFFFFFFEFBD
:10981C00C58F000880B582B000AF7860C046BD46E9
:10982C0002B080BD80B582B000AF7860C046BD4646
:10983C0002B080BD80B582B000AF7860C046BD4636
:10984C0002B080BD80B584B000AF78607B688422A4
:10985C009B5C012B01D1022327E07B688422012130
:10986C0099547B688822242199507B681B681B685B
:10987C00FB607B681B681A687B681B6801218A4344
:10988C001A60FB680B4A1340FB607B6800225A6627
:10989C007B681B68FA681A607B68882220219950C3
:1098AC007B6884220021995400231800BD4604B023
:1098BC0080BDC046FFFFFFDF80B584B000AF78608D
:1098CC0039607B6884229B5C012B01D102232EE042
:1098DC007B688422012199547B6888222421995029
:1098EC007B681B681B68FB607B681B681A687B685D
:1098FC001B6801218A431A607B681B689B68DB002C
:10990C00D9087B681B683A680A439A607B68180020
:10991C0000F054F87B681B68FA681A607B68882230
:10992C00202199507B68842200219954002318002F
:10993C00BD4604B080BD000080B584B000AF786037
:10994C0039607B6884229B5C012B01D102232FE0C0
:10995C007B688422012199547B68882224219950A8
:10996C007B681B681B68FB607B681B681A687B68DC
:10997C001B6801218A431A607B681B689B680E4A2E
:10998C00134019007B681B683A680A439A607B682D
:10999C00180000F013F87B681B68FA681A607B6883
:1099AC008822202199507B6884220021995400231D
:1099BC001800BD4604B080BDFFFFFFF1F0B585B0C7
:1099CC0000AF78607B685B6E002B08D17B686A22E5
:1099DC00012199527B6868220121995243E00F269C
:1099EC00BB1908221A700E203B1808221A707B68CB
:1099FC001B689B685B0EDAB20D243B1907210A40E9
:109A0C001A707B681B689B685B0FDAB20C257B199C
:109A1C0007210A401A703B181B787A1912781449DE
:109A2C008A5C5A4310007B191B78124AD35C1900CC
:109A3C00F6F7FEFB030099B27B686A229952BB19B8
:109A4C001B783A1912780A498A5C5A4310003B1960
:109A5C001B78084AD35C1900F6F7EAFB030099B2AD
:109A6C007B6868229952C046BD4605B0F0BDC04621
:109A7C006CA7000874A7000810B50A22002100F09A
:109A8C008BF810BDF0B585B017001E000390019146
:109A9C00242B23D80C00012B20D03D4B08229C46B4
:109AAC00230061461D780134485D010011401042CD
:109ABC00F6D12D2D19D125789C1C01230093102251
:109ACC00330093431DD1302D15D1202123788B43A6
:109ADC00582B10D165780234102612E000F0A6F84D
:109AEC0016230360002005B0F0BD00912B2DE6D1AC
:109AFC0025789C1CE3E7002EEED10A36302D00D1E0
:109B0C00023E244A009B94466344310018000293A1
:109B1C00F6F78AFB0022844610002B00303B092B01
:109B2C0011D81D00AE421DDD531C09D0012252423A
:109B3C00844505D301D1A94211DB012270432818B9
:109B4C0025780134E9E72B00413B192B01D8373D2F
:109B5C00E8E72B00613B192B04D8573DE2E70122C3
:109B6C005242EDE7531C08D12223039A029813604A
:109B7C00002FB8D0631E019307E0009B002B00D090
:109B8C004042002FAFD0002AF4D1019B3B60AAE7E2
:109B9C007DA70008FFFFFF7F10B5044C13000A00DF
:109BAC0001002068FFF76EFF10BDC046F0000020DA
:109BBC000CB430B5184B0C001D689DB0002908DAA8
:109BCC008B2301202B6040421DB030BC08BC02B07E
:109BDC00184782236A469B009382002302901B93B2
:109BEC000690994200D04B1E0493079301236A46BA
:109BFC005B42D382280021AB209A02A9019300F08A
:109C0C00A5F9431C01DA8B232B60002CDCD000223D
:109C1C00029B1A70D8E7C046F0000020030082189F
:109C2C00934200D1704719700133F9E7014B186862
:109C3C007047C046F000002070B500260C4C0D4D4E
:109C4C00641BA410A64209D1002600F069FC0A4C42
:109C5C000A4D641BA410A64205D170BDB300EB588D
:109C6C0098470136EEE7B300EB5898470136F2E718
:109C7C00B8A80008B8A80008BCA80008B8A8000834
:109C8C007047704703000A7801311A700133002ABB
:109C9C00F9D1704770B505000C1E10D0043C236838
:109CAC00002B00DAE418280000F0E0F81D4A1368D5
:109CBC00002B05D163601460280000F0DFF870BD44
:109CCC00A34208D9206821188B42F3D119685B682C
:109CDC0009182160EEE71A005B68002B01D0A34243
:109CEC00F9D911685018A0420BD1206809185018E6
:109CFC0011608342E0D118685B68411811605360B1
:109D0C00DAE7A04202D90C232B60D5E72068211892
:109D1C008B4203D119685B68091821606360546039
:109D2C00CAE7C0466806002070B50F4E0D003168BA
:109D3C000400002902D100F095FB306029002000BE
:109D4C0000F090FB431C03D101256D42280070BD2F
:109D5C000323C51C9D43A842F8D0291A200000F00B
:109D6C0081FB0130F2D1EFE764060020F7B5032246
:109D7C00CB1C9343083305001F000C2B34D20C274B
:109D8C00B94233D8280000F071F8374E33681C0004
:109D9C00002C2FD139002800FFF7C6FF0400431C0C
:109DAC005FD134680094009B002B4AD1002C52D018
:109DBC0023682800E3180099019300F053FB019BE2
:109DCC00834248D123682800FF1A3900FFF7ACFF03
:109DDC00013040D02368DB19236033685A68002AAD
:109DEC0033D1009B336019E0002BC9DA0C232B60B4
:109DFC000020FEBD2168C91B20D40B290AD9E21909
:109E0C002760A34204D1326063681160536005E09F
:109E1C005A60F9E76268A3420ED13260280000F064
:109E2C002DF8200007220B30231D9043C21A9842B4
:109E3C00DFD01B1AA350DCE75A60EFE723006468FD
:109E4C00A6E7009C63680093ADE71A005B68A34229
:109E5C00FBD10023DAE70C2328002B6000F00EF86E
:109E6C00C6E70760DAE7C0466806002010B502486E
:109E7C00FFF706FF10BDC0466006002010B5024873
:109E8C00FFF7FFFE10BDC04660060020F0B58E68DF
:109E9C0085B01F000C000B6802900392BE4230D8B4
:109EAC000C21625E9021C9000A4228D0032021694E
:109EBC005B1A0193636943430198DD0FED187B1C1A
:109ECC001B186D10AB4200D91D00520528D5290076
:109EDC000298FFF74BFF061E2CD0019A216900F067
:109EEC00DEFAA289184B1A4080231343A381019BED
:109EFC002661F61826603E006561ED1AA560BE422B
:109F0C0000D93E0032000399206800F099FA002035
:109F1C00A3689B1BA36023689B19236005B0F0BD4D
:109F2C002A00029800F0C4FA061EE0D121690298BA
:109F3C00FFF7B0FE0C230120029A40421360A28965
:109F4C0034331343A381E9E77FFBFFFFF0B5A1B0E6
:109F5C0003901D008B890F0016001B0611D50B6991
:109F6C00002B0ED14021FFF701FF3860386100282B
:109F7C0005D10C23039A136001204042CFE040230B
:109F8C007B61002308AC6361203363761033A376C6
:109F9C00079535002B78002B01D0252B48D1AB1B16
:109FAC000593B5420BD0320039000398FFF76EFFD2
:109FBC00013000D1AEE06369059A9B1863612B7880
:109FCC00002B00D1A6E0012200235242626004A9BA
:109FDC00543252186E1C2360E360A3601370A365A7
:109FEC00544B052218003178059300F04DFA751C7E
:109FFC0000281FD12268D30604D5532304A95B186B
:10A00C0020211970130704D5532304A95B182B21A5
:10A01C00197033782A2B16D0350000210A20E368FA
:10A02C002A786E1C303A092A50D9002911D117E030
:10A03C000135AFE7059B2268C01A01238340134307
:10A04C002E002360CCE7079B191D1B680791002B82
:10A05C0001DB0B9304E05B42E360022313432360B8
:10A06C002B782E2B0CD16B782A2B34D1079B0235F5
:10A07C001A1D1B680792002B01DA01235B4209931E
:10A08C002D4E03223000297800F0FEF9002806D06E
:10A09C004023801B834022680135134323602978B9
:10A0AC00062226486E1C217600F0EEF9002838D0E6
:10A0BC00234B002B22D10722079B073393430833F2
:10A0CC0007936369049A9B18636162E74343350005
:10A0DC0001219B18A4E700230A20190001356360B5
:10A0EC002A786E1C303A092A03D9002BC8D0099162
:10A0FC00C6E74143350001238918F1E707AA00920E
:10A10C0021003A000F4B039800E000BF0490049B21
:10A11C000133D6D1BB890D985B0600D52CE721B055
:10A12C00F0BD07AA009221003A00064B039800F0FC
:10A13C007BF8EBE77DA8000883A8000887A8000837
:10A14C0000000000999E0008F7B5160001938A687C
:10A15C000B690C000090934200DA1300220033606C
:10A16C0043321278002A01D00133336023689B06F6
:10A17C0002D53368023333602268062315001D4074
:10A18C001A4227D0230043331B785A1E934122686E
:10A19C00920630D4220001990098089D4332A847BA
:10A1AC00013025D00622236800251340042B05D14D
:10A1BC003368E568ED1AEB43DB171D40A368226991
:10A1CC00934201DD9B1AED180026B54220D10020E8
:10A1DC0010E00135E36832689B1AAB42D2DD2200F5
:10A1EC00012301990098089F1932B8470130F0D12A
:10A1FC0001204042FEBD3020E1184331087021009F
:10A20C005A1C45310978A218433202331170C1E748
:10A21C002200012301990098089F1A32B847013097
:10A22C00E6D00136D1E70000F0B58BB006920A00FB
:10A23C0043320793059003920A7E0C00109B782AF8
:10A24C0009D8622A0BD8002A00D1BAE07A490491C5
:10A25C00582A00D18EE0250042352A7022E01000E9
:10A26C0063381528F7D8F5F74FFF16001F00F6FFD7
:10A27C00F6FFF6FFF6FF1F00F6FFF6FFF6FFF6FF00
:10A28C009F0036007E00F6FFF6FFB000F6FF3600AA
:10A29C00F6FFF6FF820025001A684235111D196081
:10A2AC0013682B7001239EE018680968021D0D06C7
:10A2BC000BD506681A60002E03DA2D23039A76421A
:10A2CC0013705D4B0A27049318E006681A60490660
:10A2DC00F1D536B2EFE70868196840C9050602D413
:10A2EC00400600D5B6B21960534B0A2704936F2A67
:10A2FC0000D1023F2300002243331A706368A3602D
:10A30C00002B06DB04212268039D8A432260334321
:10A31C000CD0039D30003900F5F786FF049B013DFE
:10A32C005B5C2B70330006009F42F3D9082F09D1D8
:10A33C002368DB0706D5626823699A4202DC302366
:10A34C00013D2B70039B5B1B2361079B210000933A
:10A35C000598069B09AAFFF7F7FE013048D10120AA
:10A36C0040420BB0F0BD202209680A4322607822DB
:10A37C0032490491210045310A701968226840C99C
:10A38C00100602D4500600D5B6B21960D30702D518
:10A39C00202313432360002E01D01027AAE720228C
:10A3AC00236893432360F8E71A680D68101D496908
:10A3BC00186013682E0601D5196002E06D06FBD5F6
:10A3CC0019800023039D2361BFE71A68111D1960D2
:10A3DC00156800212800626800F056F8002801D0AA
:10A3EC00401B6060636823610023039A1370ACE721
:10A3FC002A00236906990598079DA8470130AED01D
:10A40C0023689B0715D4099BE0689842A9DA1800C9
:10A41C00A7E72200012306990598079E1932B04739
:10A42C0001309CD00135E368099A9B1AAB42F0DCF1
:10A43C00E9E70025F7E7C0468EA800089FA80008AA
:10A44C0010B5884202D98B18984208D300239A423F
:10A45C0007D0CC5CC4540133F9E78B5C8354013ACC
:10A46C00FBD210BD002370B5064D040008002B6014
:10A47C00F7F7D4FE431C03D12B68002B00D02360CC
:10A48C0070BDC0465C060020C9B28218904201D152
:10A49C000020704703788B42FBD00130F6E7002395
:10A4AC0010B59A4200D110BDCC5CC4540133F8E70E
:10A4BC00F7B506000C001500002905D11100FFF7B7
:10A4CC0055FC04002000FEBD002A03D1FFF7E2FB7F
:10A4DC002C00F7E700F01CF80700854202D843086F
:10A4EC00AB42EFD329003000FFF740FC019000286D
:10A4FC0001D1019CE6E72A00BD4200D93A002100B7
:10A50C000198FFF7CCFF21003000FFF7C3FBF0E709
:10A51C000B1F1B68181F002B01DA0B58C018704753
:10A52C00F8B5C046F8BC08BC9E467047F8B5C046A6
:08A53C00F8BC08BC9E46704704
:10A54400467265713A2564206B487A204152523A2A
:10A5540025640D0A000000004152523A202564206F
:10A56400467265713A2025640D0A000043686172E1
:10A5740067653A2025640D0A000000005065616B90
:10A584002063757272656E743A2025640D0A0000AA
:10A59400556920253034642C205420253034642C13
:10A5A40020556C20253034642C20496C202530340F
:10A5B400642C20496920253034640D0A0000000011
:10A5C400463A202564206B487A2C204152523A2086
:10A5D40025642C204343523A2025642C2050656185
:10A5E4006B4375723A2025640D0A000052453A20E7
:10A5F4002564202C2046453A2025642C206475745B
:10A60400793A202564200D0A000000005365743A4D
:10A614002025642070657263656E740D0A00000065
:10A6240057726F6E6720436F6D6D616E64210D0A02
:10A6340000000000B80E0008A41000082A0F00084B
:10A6440012100008121100080000000000000000B1
:10A6540000000000000000000000000000000000F6
:10A6640000000000000000000100000002000000E3
:10A6740003000000040000000600000007000000C2
:10A6840008000000090000000000000000000000B5
:10A6940000000000000000000100000002000000B3
:10A6A40003000000040000001A650008B2660008F8
:10A6B400B2660008B26600085C650008B26600086D
:10A6C400B2660008B2660008A2650008B266000817
:10A6D400B2660008B2660008E4650008B2660008C5
:10A6E400B2660008B26600082A660008B26600086E
:10A6F400B2660008B26600086C660008F6670008D7
:10A704000469000804690008046900082268000854
:10A714000469000804690008046900085068000816
:10A724000469000804690008046900087C680008DA
:10A73400046900080469000804690008AA6800089C
:10A74400046900080469000804690008D668000860
:10A75400010002000400060008000A000C001000BA
:10A7640020004000800000010101010307010000F6
:10A7740008040204080101010020202020202020D8
:10A78400202028282828282020202020202020209D
:10A7940020202020202020202088101010101010AD
:10A7A40010101010101010101004040404040404F9
:10A7B4000404041010101010101041414141414193
:10A7C4000101010101010101010101010101010175
:10A7D4000101010110101010101042424242424285
:10A7E4000202020202020202020202020202020245
:10A7F40002020202101010102000000000000000ED
:10A804000000000000000000000000000000000044
:10A814000000000000000000000000000000000034
:10A824000000000000000000000000000000000024
:10A834000000000000000000000000000000000014
:10A844000000000000000000000000000000000004
:10A8540000000000000000000000000000000000F4
:10A8640000000000000000000000000000000000E4
:10A87400000000000000000000232D302B200068A1
:10A884006C4C0065666745464700303132333435D9
:10A894003637383941424344454600303132333447
:0CA8A40035363738396162636465660040
:08A8B000A45BFF7F0100000022
:04A8B800E5000008AF
:04A8BC00BD000008D3
:10A8C00005004001A000E803010000007A047A04BA
:10A8D0007A047A047A047A047A047A047A047A0488
:10A8E0002904E303A6036F033F031403EE02CB0224
:10A8F000AB028E0273025B0244022F021C020A02A8
:10A90000F901E901DA01CC01BF01B301A7019C0102
:10A91000920188017E0176016D0165015D0156019C
:10A920004F01480141013B0135012F012A01250159
:10A930001F011B01160111010D0109010401000194
:10A94000FD00F900F500F200EE00EB00E800E50084
:10A95000E200DF00DC00D900D600D400D100CF0037
:10A96000CC00CA00C800C500C300C100BF00BD00C4
:10A97000BB00B900B700B500B300B200B000AE0034
:10A98000AC00AB00A900A800A600A500A300A2008F
:10A99000A0009F009E009C009B009A0098009700DA
:10A9A000881304000024F4000400000001000000EB
:10A9B000F400002000000000240500208C05002089
:10A9C000F40500200000000000000000000000006E
:10A9D0000000000000000000000000000000000077
:10A9E0000000000000000000000000000000000067
:10A9F0000000000000000000000000000000000057
:04000005080022A12C
:00000001FF
